"","GeoUID","Type","Region Name","Area (sq km)","Population","Dwellings","Households","CMA_UID","PR_UID","CSD_UID","CD_UID","v_CA21_1040: Prevalence of low income based on the Low-income measure, after tax (LIM-AT) (%)","v_CA21_1043: 0 to 17 years","v_CA21_1046: 0 to 5 years","v_CA21_1049: 18 to 64 years","v_CA21_1052: 65 years and over","v_CA21_1085: Prevalence of low income based on the Low-income cut-offs, after tax (LICO-AT) (%)","v_CA21_1088: 0 to 17 years","v_CA21_1091: 0 to 5 years","v_CA21_1094: 18 to 64 years","v_CA21_1097: 65 years and over","v_CA21_1140: Gini index on adjusted household total income","v_CA21_1141: Gini index on adjusted household market income","v_CA21_1142: Gini index on adjusted household after-tax income","v_CA21_8: Total - Age","v_CA21_251: 65 years and over","v_CA21_386: Average age","v_CA21_389: Average age"
"1","5350001.00","CT","0001.00",6.8192,599,253,235,"35535","","3520005","3520",9.6,8,NA,8,24,6,NA,NA,6,8,0.36,0.426,0.309,600,55,38.9,40.4
"2","5350002.00","CT","0002.00",3.3926,604,294,284,"35535","","3520005","3520",11.6,NA,NA,12,13,8.4,NA,NA,11,7,0.346,0.46,0.301,605,250,55,62
"3","5350003.00","CT","0003.00",0.9455,457,279,265,"35535","","3520005","3520",12.8,18,NA,12,12,8.5,18,NA,8,NA,0.37,0.446,0.322,460,45,39.6,38
"4","5350004.00","CT","0004.00",0.3404,6306,3620,3276,"35535","","3520005","3520",22.9,24.6,22,20.5,36.4,14.9,10,8,16.2,10.8,0.358,0.544,0.314,6310,840,41.8,40
"5","5350005.00","CT","0005.00",0.3764,6957,4235,3720,"35535","","3520005","3520",19.8,21.4,15,15.8,45.8,12.8,10.8,7,13,14.2,0.38,0.513,0.334,6950,865,39.9,36.4
"6","5350006.00","CT","0006.00",0.0129,119,1,1,"35535","","3520005","3520",NA,NA,NA,NA,NA,NA,NA,NA,NA,NA,NA,NA,NA,120,105,82,84
"7","5350007.01","CT","0007.01",0.1999,3402,1838,1653,"35535","","3520005","3520",16.6,10,10,16.4,24.4,10.8,2.5,NA,12.6,7.6,0.371,0.516,0.321,3400,615,44.8,42.4
"8","5350007.02","CT","0007.02",0.4346,4422,2639,2372,"35535","","3520005","3520",20.2,21.6,24,18.6,29.2,11.8,8.4,10,13.2,6.4,0.326,0.506,0.291,4425,560,41.1,38
"9","5350008.01","CT","0008.01",0.3092,8480,5998,5470,"35535","","3520005","3520",9,12,11,8.8,13,7,4.5,3,7.2,6,0.343,0.388,0.301,8480,190,33.6,32
"10","5350008.02","CT","0008.02",1.9151,11591,7827,7022,"35535","","3520005","3520",11.5,15.8,12.8,10.4,22.8,8.9,10.8,8.4,8.6,11.6,0.37,0.435,0.324,11595,620,35.8,33.2
"11","5350009.00","CT","0009.00",0.1032,520,176,170,"35535","","3520005","3520",25,16,NA,21,52,15.2,NA,NA,16,12,0.302,0.536,0.276,520,75,43.5,39.6
"12","5350010.01","CT","0010.01",0.2476,5611,3400,3184,"35535","","3520005","3520",8.9,15.2,11,7.3,18.5,6.3,8.4,6,6.1,5.6,0.395,0.45,0.338,5610,415,37.6,35.6
"13","5350010.02","CT","0010.02",0.5382,7468,4713,4264,"35535","","3520005","3520",11.3,13.4,9.5,10.4,17.6,8.5,10,7,8.5,7.2,0.51,0.572,0.409,7470,695,39.9,37.2
"14","5350011.01","CT","0011.01",0.4611,9592,7391,6377,"35535","","3520005","3520",12.2,17.2,14,11.6,18,9.4,10,8.5,9.5,6.8,0.432,0.475,0.373,9590,360,34.7,32
"15","5350011.02","CT","0011.02",0.2877,9746,7605,6571,"35535","","3520005","3520",14.5,15.2,12,14.3,21,13,12.4,9.5,13.1,11,0.422,0.464,0.37,9745,260,32.3,29.8
"16","5350011.03","CT","0011.03",0.2315,6391,5157,4120,"35535","","3520005","3520",16,23,24,15.5,21,14,18.5,19.5,13.9,11,0.502,0.545,0.439,6390,220,33.3,30.8
"17","5350012.01","CT","0012.01",0.4305,13554,8969,7893,"35535","","3520005","3520",16.1,22.8,20.8,15,22.8,12.8,13,12.8,12.8,12,0.38,0.452,0.338,13555,550,33.1,31.2
"18","5350012.03","CT","0012.03",0.4664,8957,6005,5176,"35535","","3520005","3520",14.4,18.8,14.4,13.6,22.8,12.3,12.8,10.4,12.4,10.4,0.378,0.426,0.336,8955,385,34.4,32
"19","5350012.04","CT","0012.04",0.2407,5688,3967,3483,"35535","","3520005","3520",11.1,8.5,9,11.2,12,10.1,6.4,7,10.9,5.6,0.417,0.472,0.361,5690,585,39.2,34.8
"20","5350013.01","CT","0013.01",0.3431,6820,4891,4241,"35535","","3520005","3520",15,15.6,11,11.7,36.8,9.8,8,7,9.8,11,0.432,0.495,0.374,6820,800,39.3,34.4
"21","5350013.02","CT","0013.02",0.4225,10439,7001,6175,"35535","","3520005","3520",13,12.6,10.8,13.1,12.7,10.6,8.8,7.2,11.4,6.3,0.451,0.494,0.394,10435,1310,39.8,34.4
"22","5350014.00","CT","0014.00",0.4727,2382,1663,1312,"35535","","3520005","3520",20.2,24,20,20.9,7,18.3,19,18,19.3,5,0.561,0.597,0.496,2380,220,37.7,32.4
"23","5350015.00","CT","0015.00",0.286,4922,3688,3046,"35535","","3520005","3520",13.2,19,18,13,11.8,9.3,8,9,10.1,4.8,0.473,0.532,0.408,4925,705,41.7,36.8
"24","5350016.00","CT","0016.00",0.6317,11144,7596,6845,"35535","","3520005","3520",11.9,16.8,11,10.5,21,8.9,10.4,6,9,6.8,0.412,0.478,0.356,11145,910,38.4,35.2
"25","5350017.01","CT","0017.01",0.8026,4787,3196,2948,"35535","","3520005","3520",13.2,29.2,24,11.6,12,8.9,13.2,9,8.6,6,0.391,0.465,0.34,4785,305,36.6,34.4
"26","5350017.02","CT","0017.02",0.5681,8710,5537,5143,"35535","","3520005","3520",19.1,24.4,26.8,17.4,23.8,12.5,13.4,15.6,13.4,7.4,0.402,0.525,0.353,8710,1320,41.2,36.8
"27","5350018.00","CT","0018.00",0.347,3633,2167,1988,"35535","","3520005","3520",9,5.6,3,8.5,21,6.6,4,2,6.9,8,0.399,0.456,0.34,3630,245,37,35.2
"28","5350019.00","CT","0019.00",0.2489,3269,1456,1374,"35535","","3520005","3520",17.3,15.6,11,15.8,28.4,10.8,8,6,11.9,8.5,0.428,0.543,0.37,3270,560,43,42
"29","5350020.00","CT","0020.00",0.7287,2298,1036,991,"35535","","3520005","3520",5.2,6.4,NA,5.4,4,4.2,6,NA,4.6,1.6,0.438,0.478,0.372,2295,520,45.3,49.6
"30","5350021.00","CT","0021.00",0.9119,5192,2847,2610,"35535","","3520005","3520",10.9,8.4,6,11.8,10,7,4.8,3.6,8.5,4,0.537,0.604,0.45,5195,1030,44.1,45.6
"31","5350022.00","CT","0022.00",0.5546,3847,1582,1482,"35535","","3520005","3520",6,5.2,4.5,6.1,6.4,4.4,4,4,4.9,2.4,0.438,0.481,0.371,3845,545,40.2,42.8
"32","5350023.00","CT","0023.00",0.6863,3374,1506,1408,"35535","","3520005","3520",6.7,5.6,5,7,6.6,5.1,4.4,4,6.1,2.8,0.478,0.52,0.412,3375,650,42.6,44.4
"33","5350024.00","CT","0024.00",0.7093,6891,3148,2939,"35535","","3520005","3520",8.4,6.8,4.4,8.2,12,5.7,4.8,2.8,6.3,4.6,0.397,0.456,0.338,6895,995,40,40.8
"34","5350025.00","CT","0025.00",0.5284,3553,1737,1628,"35535","","3520005","3520",11.2,6.6,4,11.2,19.2,7.3,4.4,3,8.4,6,0.402,0.485,0.344,3550,425,40.1,41.2
"35","5350026.00","CT","0026.00",0.7772,6409,3027,2738,"35535","","3520005","3520",12.2,10.4,6.8,11.2,20.8,8.1,6,3.6,8.6,8.4,0.383,0.477,0.331,6410,715,38.8,39.2
"36","5350027.00","CT","0027.00",0.4853,4405,1889,1756,"35535","","3520005","3520",11.1,9.6,7.2,10.1,18,6.7,4,2.5,7.7,5.2,0.41,0.515,0.35,4405,680,40.8,40.4
"37","5350028.01","CT","0028.01",0.2058,1290,714,654,"35535","","3520005","3520",6.2,2.5,NA,6.4,9,4.8,NA,NA,5.6,NA,0.366,0.415,0.314,1295,110,39.7,38.8
"38","5350028.02","CT","0028.02",0.4633,5868,2925,2763,"35535","","3520005","3520",9.7,7.4,4,7.9,24.2,7.1,5.4,3.2,7.8,5.6,0.388,0.464,0.334,5865,695,40.2,39.2
"39","5350029.00","CT","0029.00",0.6766,6722,3110,2945,"35535","","3520005","3520",13.9,13.2,11,10.9,29,9,6.4,5,9.2,10.4,0.423,0.533,0.365,6725,975,41.2,40
"40","5350030.00","CT","0030.00",0.3807,6926,3637,3264,"35535","","3520005","3520",18.3,28,22.4,15.9,20,10.9,13.2,10.8,10.8,7.4,0.41,0.573,0.355,6930,645,36.8,34
"41","5350031.00","CT","0031.00",0.2583,5871,3263,2847,"35535","","3520005","3520",28.2,31,28,24.3,51.2,15.4,13.8,14,16.2,13.4,0.365,0.606,0.324,5875,610,38.5,36.8
"42","5350032.00","CT","0032.00",0.4197,6042,4010,3321,"35535","","3520005","3520",30.9,28.8,33,28.4,47.8,23.4,17.6,19,25.4,15,0.478,0.645,0.417,6040,890,41.5,38
"43","5350033.00","CT","0033.00",0.3196,5515,3557,3123,"35535","","3520005","3520",39,45.6,42,36.2,52.4,28,26,27,29.6,18.8,0.448,0.663,0.398,5515,615,39.6,36.4
"44","5350034.01","CT","0034.01",0.1245,5337,4071,3159,"35535","","3520005","3520",23.7,14,17,22.8,32.4,20.5,8.5,8,23.2,10,0.434,0.515,0.386,5330,725,38.8,32.4
"45","5350034.02","CT","0034.02",0.3982,7992,5993,4896,"35535","","3520005","3520",24.8,29.6,27,24.2,27.6,19.8,14.4,16,20.9,10.8,0.436,0.536,0.388,7990,580,36.2,31.8
"46","5350035.00","CT","0035.00",0.6627,10506,7669,6149,"35535","","3520005","3520",25.1,30.6,32.4,24.8,21.2,21.7,22.6,22.8,22.5,9.6,0.452,0.52,0.406,10510,700,34.2,30.8
"47","5350036.00","CT","0036.00",0.3834,5685,3909,3398,"35535","","3520005","3520",22.6,19,10,19,44.4,16.8,12.4,6,17.8,13.2,0.453,0.562,0.39,5685,810,40.4,34.8
"48","5350037.00","CT","0037.00",0.451,4802,2939,2359,"35535","","3520005","3520",21.6,18,16,22,21.2,23.1,12,12,26.4,10,0.412,0.523,0.366,4800,790,40.6,33.2
"49","5350038.00","CT","0038.00",0.3662,3605,2046,1722,"35535","","3520005","3520",25.9,22,12,22,42.8,23.3,14,6,27,12.6,0.406,0.569,0.361,3610,665,43.4,38.8
"50","5350039.00","CT","0039.00",0.3177,4505,2279,2043,"35535","","3520005","3520",22.5,18.8,17,16.6,50.6,15.2,11.2,11,16,14.6,0.38,0.578,0.333,4505,750,40.9,36
"51","5350040.00","CT","0040.00",0.3687,4274,1930,1739,"35535","","3520005","3520",11.8,11.2,6,10.8,17.2,10.8,6,5,12.5,6.6,0.419,0.545,0.356,4275,620,41.3,38.4
"52","5350041.00","CT","0041.00",0.3171,3324,1632,1480,"35535","","3520005","3520",9.1,8,6,7.9,16,8.3,4,NA,9.6,5.6,0.452,0.551,0.378,3325,525,41.9,38.8
"53","5350042.00","CT","0042.00",0.4899,4423,2179,1960,"35535","","3520005","3520",10,8,6,9.7,13.2,8.4,4.4,5,9.9,4.8,0.41,0.511,0.349,4425,710,41.7,37.6
"54","5350043.00","CT","0043.00",0.5539,3670,1874,1662,"35535","","3520005","3520",10.1,6,NA,10.2,12.8,8.2,2.8,NA,9.6,5.6,0.42,0.517,0.36,3670,630,42.7,39.2
"55","5350044.01","CT","0044.01",0.3972,5016,2629,2414,"35535","","3520005","3520",10,5.6,6,8,23.6,7,4,5,7.8,5.8,0.38,0.469,0.324,5020,800,41.4,37.6
"56","5350044.02","CT","0044.02",0.0932,4255,2994,2702,"35535","","3520005","3520",11.8,17,19,11,24,9.7,10,12,9.6,10,0.366,0.447,0.318,4255,115,33.7,32
"57","5350045.00","CT","0045.00",0.2951,3247,1601,1456,"35535","","3520005","3520",10.8,8.5,7,10.4,14.4,8.8,6.4,6,9.9,4.8,0.36,0.468,0.311,3245,475,41.2,38.4
"58","5350046.00","CT","0046.00",0.4227,3151,1474,1318,"35535","","3520005","3520",11,11.2,12,9.3,18.4,7.9,5.6,5,8.8,6,0.36,0.494,0.313,3150,490,41.4,39.6
"59","5350047.02","CT","0047.02",0.287,3511,2046,1775,"35535","","3520005","3520",24,20.4,18,16.2,53.4,12.7,8.8,10,12.6,16,0.404,0.604,0.351,3510,685,42.7,41.2
"60","5350047.03","CT","0047.03",0.1156,1014,575,549,"35535","","3520005","3520",8,6,NA,8.8,5,6.2,NA,NA,7,NA,0.391,0.459,0.337,1015,90,39.4,38
"61","5350047.04","CT","0047.04",0.2738,2773,1198,1126,"35535","","3520005","3520",7.9,6.8,9,7.3,13.6,5.9,3.2,6,6.9,4.5,0.383,0.456,0.326,2775,330,39.5,39.2
"62","5350048.00","CT","0048.00",0.3349,3353,1630,1474,"35535","","3520005","3520",9.8,8.4,11,9.8,12.8,7.8,5.2,9,9.3,3.2,0.416,0.494,0.351,3350,360,39.5,40
"63","5350049.00","CT","0049.00",0.4652,3351,1477,1365,"35535","","3520005","3520",7.7,6,7,7.4,12,5.2,2.8,2.5,6,4.5,0.405,0.467,0.342,3355,560,42.3,40.4
"64","5350050.01","CT","0050.01",1.2981,8648,4533,4234,"35535","","3520005","3520",7.6,8.2,8,7.4,7.8,4.9,4.2,3.6,5.5,3.4,0.447,0.506,0.381,8650,1750,43.7,42.8
"65","5350050.03","CT","0050.03",1.7111,1085,607,568,"35535","","3520005","3520",9.4,12,12,9.6,5,5.4,7,NA,6.2,NA,0.464,0.515,0.401,1085,170,42.6,41.6
"66","5350050.04","CT","0050.04",0.7566,4907,2300,2144,"35535","","3520005","3520",11,12.8,8,9.1,15.6,5.8,5.8,4.5,6,5.2,0.442,0.525,0.376,4905,800,40.9,41.6
"67","5350051.00","CT","0051.00",0.6912,4979,2376,2139,"35535","","3520005","3520",7.8,3.8,5,8.4,10.4,6.2,2.6,3,7.5,4.8,0.531,0.581,0.453,4980,710,40.3,39.2
"68","5350052.00","CT","0052.00",0.5005,4074,2022,1861,"35535","","3520005","3520",9.1,7.8,6,8.7,14,7,5.6,6,7.6,5.6,0.373,0.438,0.323,4070,455,39.5,39.2
"69","5350053.00","CT","0053.00",0.6839,5823,2892,2642,"35535","","3520005","3520",11,10,6,9.4,20.8,7.8,5.6,3,8.6,5.4,0.349,0.462,0.303,5820,780,40.6,38
"70","5350054.00","CT","0054.00",0.7024,5453,2948,2628,"35535","","3520005","3520",12.4,14.4,17,10.8,17.6,9.6,9.2,8,10.6,5.8,0.389,0.512,0.335,5455,850,41.5,38.4
"71","5350055.00","CT","0055.00",0.2764,2691,1442,1303,"35535","","3520005","3520",10,10,12,9.7,12,9.9,7.2,8,11.1,5.6,0.38,0.466,0.323,2690,365,40.5,36.4
"72","5350056.00","CT","0056.00",0.5095,4436,2200,1960,"35535","","3520005","3520",8.9,7.6,6,8.3,12.4,8.2,4.4,3,9.5,5.2,0.395,0.486,0.335,4435,705,41.4,36.8
"73","5350057.00","CT","0057.00",0.2664,2287,1249,1084,"35535","","3520005","3520",11.4,8.5,12,12.3,9,11,4.5,8,13.2,5,0.398,0.492,0.344,2280,350,40.3,35.6
"74","5350058.00","CT","0058.00",0.3841,3757,2048,1834,"35535","","3520005","3520",13.5,5.6,6,10.9,28.8,10.7,3.2,NA,12.7,6.6,0.469,0.549,0.406,3760,650,42.2,37.6
"75","5350059.00","CT","0059.00",0.3666,3843,1639,1398,"35535","","3520005","3520",10.1,12.8,12,10.1,8.4,11.7,10,10,13.9,3.8,0.44,0.519,0.378,3840,955,45.8,40.4
"76","5350060.00","CT","0060.00",0.2716,2550,1665,1362,"35535","","3520005","3520",15.9,8.5,10,17,14.4,13.7,7,10,15.7,6.4,0.439,0.513,0.384,2550,330,39.4,35.2
"77","5350061.00","CT","0061.00",0.7673,1202,533,481,"35535","","3520005","3520",29.2,28,30,26,40,20,10,NA,23.2,14,0.412,0.55,0.373,1200,175,39,34
"78","5350062.01","CT","0062.01",0.1068,4843,3148,2616,"35535","","3520005","3520",22,25,24,24.9,11.6,18.3,16,18,22.6,4.4,0.496,0.57,0.432,4840,875,40.1,32
"79","5350062.03","CT","0062.03",0.4638,4224,3208,2560,"35535","","3520005","3520",28.1,15,18,33.6,6.6,26.5,14,14,32.2,4,0.675,0.714,0.62,4220,730,39,30
"80","5350062.04","CT","0062.04",0.1215,8524,6535,5409,"35535","","3520005","3520",32.8,29.6,24,33.4,26,29.6,20.8,17.5,31.4,12.4,0.486,0.555,0.443,8525,540,33,28.4
"81","5350063.03","CT","0063.03",0.0934,4869,3604,3186,"35535","","3520005","3520",17.4,17.5,19,17.1,20,14.2,12,14,14.9,9.2,0.412,0.488,0.362,4870,480,39.4,35.2
"82","5350063.04","CT","0063.04",0.1409,4778,3507,3108,"35535","","3520005","3520",27.3,30,26,26,38.4,22.4,19,12,23.6,12.8,0.419,0.54,0.375,4780,450,38.8,33.6
"83","5350063.05","CT","0063.05",0.1299,6551,5240,4250,"35535","","3520005","3520",26.5,21,12,27,23.6,22.8,17.5,9,24,11.2,0.468,0.535,0.416,6550,430,35.2,31
"84","5350063.06","CT","0063.06",0.1922,6217,4628,4081,"35535","","3520005","3520",24.6,19,16,24.8,26,21.5,10,10,24,8.8,0.4,0.505,0.361,6215,795,40.9,36
"85","5350064.00","CT","0064.00",0.1947,4963,3372,2929,"35535","","3520005","3520",14.2,17,12,12.9,26.8,11.4,11,12,11.7,9,0.384,0.46,0.341,4965,505,40.5,36.4
"86","5350065.01","CT","0065.01",0.0861,2650,1872,1465,"35535","","3520005","3520",17,11,10,17.1,22,13.7,2.5,4,15.8,6,0.3,0.419,0.27,2650,230,38.1,34.8
"87","5350065.02","CT","0065.02",0.1434,11120,5692,5135,"35535","","3520005","3520",26.4,29.4,30.2,23.5,38.6,16.2,13.7,14,17.7,11.2,0.295,0.527,0.266,11120,1285,38.8,37.6
"88","5350066.00","CT","0066.00",0.3285,7062,4650,4192,"35535","","3520005","3520",17.4,19.6,15,14,30.6,11.9,10,9,12.9,8.4,0.388,0.506,0.339,7065,1280,45.7,44.8
"89","5350067.00","CT","0067.00",0.6514,1692,843,781,"35535","","3520005","3520",5.4,5,10,5.8,4,4.2,2.5,5,5.2,2.5,0.458,0.498,0.393,1690,335,45.2,46.4
"90","5350068.00","CT","0068.00",0.4175,2451,1321,1226,"35535","","3520005","3520",15.1,14,19,11.2,27.6,8.5,10,16,8.8,6.8,0.457,0.529,0.399,2450,515,45.4,46.4
"91","5350069.00","CT","0069.00",0.8625,4847,1983,1829,"35535","","3520005","3520",7.8,6.8,6,7,13,6.4,4.6,3,6.8,6.8,0.413,0.476,0.35,4845,770,41.7,43.2
"92","5350070.00","CT","0070.00",0.4435,3302,1781,1668,"35535","","3520005","3520",8.9,3.6,6,8.8,13.2,5.8,1.6,NA,7.2,4.8,0.478,0.544,0.406,3300,645,44.4,45.2
"93","5350071.00","CT","0071.00",0.464,3342,1489,1406,"35535","","3520005","3520",8.3,5.6,10,8.1,12,5.6,4,8,6.6,3.8,0.48,0.543,0.41,3345,600,42,43.6
"94","5350072.01","CT","0072.01",0.4061,4509,1973,1881,"35535","","3520005","3520",18.9,18.6,18.5,14.9,37.2,11,10.8,12,11.3,9.6,0.419,0.569,0.36,4510,660,39.4,38.8
"95","5350072.02","CT","0072.02",0.5419,2985,1299,1222,"35535","","3520005","3520",9.5,7.6,5,9.3,13.2,6,3.8,2.5,7.2,3.2,0.372,0.467,0.318,2985,390,40.6,40.8
"96","5350073.00","CT","0073.00",0.3507,2478,1068,993,"35535","","3520005","3520",11.6,12,10,10.5,17.5,8.3,5.6,5,9.2,6.8,0.394,0.509,0.335,2480,320,40.2,40
"97","5350074.00","CT","0074.00",0.3912,3723,1683,1557,"35535","","3520005","3520",12.6,11.6,6,11.3,22,7.8,6,2,8.2,8.5,0.361,0.487,0.312,3725,415,38.4,37.6
"98","5350075.00","CT","0075.00",0.5072,4014,1817,1737,"35535","","3520005","3520",12.2,5.8,5,8.9,30,5.6,2.4,2,6.7,5.6,0.361,0.473,0.314,4010,740,41.8,42
"99","5350076.00","CT","0076.00",0.4682,4237,1870,1792,"35535","","3520005","3520",12.3,10.6,8.5,10.2,25.6,7.1,6.2,6,7.6,6.4,0.352,0.444,0.306,4235,575,40.1,41.2
"100","5350077.00","CT","0077.00",0.5997,4493,1923,1814,"35535","","3520005","3520",9.7,7.4,5,9.8,14,6,2.8,1.6,7.3,6.4,0.358,0.435,0.31,4495,525,38.4,40
"101","5350078.00","CT","0078.00",0.7622,6282,3121,2931,"35535","","3520005","3520",13.6,10.2,9.2,13.5,18.2,8.7,6.2,5.6,10,6.2,0.394,0.484,0.339,6280,1010,41.9,42.8
"102","5350079.00","CT","0079.00",1.0045,7424,2997,2874,"35535","","3520005","3520",7.8,5.4,3.6,5.6,22.6,4,3.5,1.6,3.8,5.4,0.35,0.417,0.299,7420,1040,39.6,41.6
"103","5350080.01","CT","0080.01",0.4847,3707,1717,1586,"35535","","3520005","3520",9.4,6.4,4.5,9.2,14,6.7,3.6,2.5,8.2,3.8,0.337,0.436,0.293,3705,530,40.1,39.6
"104","5350080.02","CT","0080.02",0.4044,4642,2349,2110,"35535","","3520005","3520",18.2,21,21,15.7,29.8,11.6,10.4,12,12.8,6,0.321,0.499,0.284,4640,560,39.8,38.8
"105","5350081.00","CT","0081.00",0.368,2848,1154,1090,"35535","","3520005","3520",6.7,3.8,2.5,7.1,9,4.8,2.4,NA,6.1,2.4,0.318,0.4,0.274,2845,410,40,40.4
"106","5350082.00","CT","0082.00",0.3084,2647,1083,1021,"35535","","3520005","3520",6.1,4.8,2.5,5.7,10,4.8,3.6,NA,5.8,2.5,0.352,0.434,0.295,2650,380,39.8,40
"107","5350083.00","CT","0083.00",0.4464,3869,1921,1798,"35535","","3520005","3520",15.8,6.4,4,8.9,41.2,7.7,3.2,NA,7.5,11.8,0.453,0.554,0.396,3870,865,44.4,44.4
"108","5350084.00","CT","0084.00",0.409,3552,1558,1464,"35535","","3520005","3520",7.9,3.8,4,7,16.4,4.9,3,2.5,5.7,4,0.413,0.474,0.348,3550,580,41.2,41.6
"109","5350085.00","CT","0085.00",0.4947,4160,2347,2182,"35535","","3520005","3520",13.1,7,7,11.5,21.6,7.5,4.4,6,9.1,4.8,0.474,0.554,0.408,4160,910,45,44.8
"110","5350086.00","CT","0086.00",1.139,2528,957,900,"35535","","3520005","3520",5.6,4.8,NA,6.2,4.4,4.5,3.8,NA,5.5,2,0.672,0.683,0.626,2525,470,41.9,45.2
"111","5350087.00","CT","0087.00",1.6034,4814,2608,2374,"35535","","3520005","3520",7.4,9.2,6,8.6,5.2,5.6,7,6,7.2,2.8,0.638,0.663,0.593,4815,1745,51.9,56.8
"112","5350088.00","CT","0088.00",0.2297,3127,2129,1865,"35535","","3520005","3520",15,18.5,16,15.2,13.8,11.1,13,12,12.3,8,0.461,0.531,0.403,3125,880,48.4,47.6
"113","5350089.00","CT","0089.00",0.3297,5349,4313,3222,"35535","","3520005","3520",20.6,25,22,23.6,10.6,17.2,19.5,18,20.6,6.6,0.711,0.743,0.664,5350,1410,47.2,44
"114","5350090.00","CT","0090.00",0.3929,4020,2516,2244,"35535","","3520005","3520",13.8,8.5,10,13.6,15.9,9.1,6.4,9,11.2,5.2,0.59,0.638,0.52,4020,1245,50.5,51.2
"115","5350091.01","CT","0091.01",0.5114,5739,3901,3244,"35535","","3520005","3520",15.8,18.5,22,17.8,9.4,12.7,10.8,12,15.8,4.8,0.629,0.675,0.566,5740,1555,46.9,42.8
"116","5350091.02","CT","0091.02",0.323,3421,2260,1919,"35535","","3520005","3520",18.4,16.5,16,17.7,22.8,14.1,9.5,14,16.2,7.6,0.575,0.646,0.492,3425,590,43.1,40
"117","5350092.00","CT","0092.00",0.6258,6818,4125,3478,"35535","","3520005","3520",10.8,5.8,6,11.5,11,9.5,3.6,2.5,11.2,4.8,0.501,0.559,0.42,6820,1000,40.1,35.6
"118","5350093.00","CT","0093.00",0.6155,5358,2481,2221,"35535","","3520005","3520",9.7,7.8,8.5,9.6,13,7.8,4.8,4,9.1,5.2,0.402,0.475,0.346,5360,915,41.8,39.2
"119","5350094.00","CT","0094.00",0.6373,4699,2141,1960,"35535","","3520005","3520",9.8,10.4,8,9.2,12.8,8.3,7,5,9.4,4,0.359,0.467,0.312,4700,680,41.1,38
"120","5350095.00","CT","0095.00",0.3148,2913,1401,1272,"35535","","3520005","3520",9.6,5,3,9.2,15.2,8,2.8,NA,9.4,5.6,0.348,0.454,0.302,2915,465,41.8,38.8
"121","5350096.01","CT","0096.01",0.1989,1610,716,647,"35535","","3520005","3520",8.6,9.5,12,8.2,9.5,7.6,6,8,8.4,4.5,0.372,0.486,0.32,1610,245,41.7,40.8
"122","5350096.02","CT","0096.02",0.3492,3156,1557,1381,"35535","","3520005","3520",9.7,8,4,9.9,10.4,9.4,5.6,NA,11.1,5.2,0.378,0.496,0.326,3155,525,42.3,38.8
"123","5350097.01","CT","0097.01",0.3799,3929,1710,1516,"35535","","3520005","3520",11.3,10.4,11,10.7,15.4,9.9,6.8,6,11.1,6.8,0.358,0.488,0.309,3930,680,42.1,39.2
"124","5350097.03","CT","0097.03",0.1677,2078,1370,1211,"35535","","3520005","3520",22.9,24,26,22.2,28,16.2,13,16,17.6,8,0.342,0.506,0.308,2080,185,38,35.2
"125","5350097.04","CT","0097.04",0.323,5031,2481,2283,"35535","","3520005","3520",9.6,8.8,9.5,8.5,18,6.8,4,4.5,7.4,5.2,0.326,0.444,0.287,5030,570,39.4,36.4
"126","5350098.00","CT","0098.00",0.7166,6976,3231,2999,"35535","","3520005","3520",12.1,10.4,8.8,9.5,28.4,7.9,5.8,4,8.2,8.4,0.365,0.477,0.315,6975,925,39.7,38.8
"127","5350099.00","CT","0099.00",0.5812,6282,3371,3091,"35535","","3520005","3520",12.8,9.8,8.5,11.8,22.2,8.6,4.6,4.5,9.5,8.4,0.424,0.513,0.365,6285,795,39.9,38.4
"128","5350100.00","CT","0100.00",0.2858,2961,1552,1439,"35535","","3520005","3520",10.6,7.6,3,10.4,16,7.3,2.8,NA,8.4,5.6,0.324,0.416,0.285,2960,365,40,39.6
"129","5350101.00","CT","0101.00",0.4269,3246,1653,1505,"35535","","3520005","3520",9.1,10,12,8.5,11,6.8,5.6,5,7.3,4.5,0.372,0.449,0.315,3245,365,39.3,37.6
"130","5350102.02","CT","0102.02",0.1157,4561,3199,2690,"35535","","3520005","3520",17,15.6,15,14.6,30.2,10.6,5.2,5,11.4,10,0.328,0.445,0.294,4560,695,42.1,38
"131","5350102.03","CT","0102.03",0.1309,3576,2173,2038,"35535","","3520005","3520",14.9,20.4,20,13.8,16.5,9.7,10,12,10.3,5.6,0.368,0.461,0.324,3575,455,40.9,38
"132","5350102.04","CT","0102.04",0.1013,706,311,290,"35535","","3520005","3520",8.4,NA,NA,9.6,12,5.2,NA,NA,6.4,6,0.401,0.457,0.335,705,105,39.3,38.4
"133","5350102.05","CT","0102.05",0.119,842,358,343,"35535","","3520005","3520",6.2,NA,NA,6.8,8,5.2,NA,NA,5.6,6,0.362,0.421,0.314,845,90,36.6,37.2
"134","5350103.00","CT","0103.00",0.8379,6195,2777,2646,"35535","","3520005","3520",6.6,5.2,5,6.6,8,4.7,3.4,3.2,5.1,4.6,0.39,0.443,0.326,6195,1440,44.8,45.2
"135","5350104.00","CT","0104.00",0.7373,5476,2135,2053,"35535","","3520005","3520",4.4,3.4,2.5,4.3,6.4,2.6,1.9,2,2.9,2.4,0.388,0.434,0.324,5475,760,39.7,41.6
"136","5350105.00","CT","0105.00",0.5507,4318,1921,1780,"35535","","3520005","3520",8,5.6,4.5,8.1,10.8,5.4,3.2,3,6.4,3.4,0.354,0.433,0.3,4320,600,40.2,40
"137","5350106.00","CT","0106.00",1.3787,3680,1427,1311,"35535","","3520005","3520",8.2,8,8,8,9.6,7.3,4.4,NA,8.3,5.2,0.291,0.412,0.259,3680,480,40.7,40.4
"138","5350107.00","CT","0107.00",0.7226,4851,1867,1734,"35535","","3520005","3520",8.5,8,5,7.2,15.2,5.4,4.8,2.5,5.8,4.4,0.284,0.404,0.25,4850,670,40.4,39.6
"139","5350108.00","CT","0108.00",0.7441,5829,2678,2460,"35535","","3520005","3520",17,16.8,17,15.7,24,11.1,7.2,6.4,12.7,7.6,0.326,0.492,0.288,5825,815,40.1,38.8
"140","5350109.00","CT","0109.00",0.6301,5470,2382,2225,"35535","","3520005","3520",7.8,7.2,5.6,6.6,15.2,6.1,4.6,3.6,6.6,5.2,0.328,0.436,0.287,5470,725,39.5,38
"141","5350110.00","CT","0110.00",0.5441,3491,1544,1412,"35535","","3520005","3520",10.4,7.6,8,9.8,15.8,7.1,4,4.5,8.1,5.6,0.32,0.431,0.278,3490,545,41.6,40.4
"142","5350111.00","CT","0111.00",0.4532,2442,950,903,"35535","","3520005","3520",6.6,4,5,5.3,14,3.6,2.4,4,4,2.8,0.293,0.414,0.253,2445,410,41.8,41.2
"143","5350112.00","CT","0112.00",0.5017,4761,1995,1843,"35535","","3520005","3520",8.5,7,6,7.7,13.8,5.4,3.6,3.6,6.3,3,0.308,0.42,0.268,4760,745,41.6,40
"144","5350113.00","CT","0113.00",0.3823,2521,1189,1041,"35535","","3520005","3520",8.5,7.6,8,8.8,8,7.1,3.6,3,8.4,4.5,0.394,0.481,0.331,2520,395,41.2,39.2
"145","5350114.00","CT","0114.00",0.6246,5164,2564,2331,"35535","","3520005","3520",12.4,6.2,3,9.3,25.8,6.8,3.6,2.5,8,6,0.45,0.545,0.383,5165,1275,45.2,43.6
"146","5350115.00","CT","0115.00",0.3777,4219,1737,1620,"35535","","3520005","3520",10.3,10,5,9,16,6.7,5.6,4,7.3,4.8,0.339,0.466,0.293,4220,1000,46.1,44.4
"147","5350116.00","CT","0116.00",0.6801,4445,1982,1834,"35535","","3520005","3520",11,11.4,9,10.2,13.6,8,8,6,8.4,6.2,0.453,0.526,0.386,4435,1085,45.5,42.8
"148","5350117.00","CT","0117.00",0.3983,2518,1416,1270,"35535","","3520005","3520",11.1,5.6,5,10.7,18,8.3,1.6,NA,10.6,4,0.504,0.554,0.432,2520,410,41.4,38.8
"149","5350118.00","CT","0118.00",0.6969,3995,2187,2018,"35535","","3520005","3520",9.3,9.6,6,10.6,7,7.3,5.2,2.5,9.6,3.8,0.572,0.624,0.498,3995,1285,48.8,50
"150","5350119.00","CT","0119.00",0.8489,4856,2782,2458,"35535","","3520005","3520",10.8,14.2,10,11.2,8.4,7.8,10,7,9.3,3.6,0.699,0.73,0.651,4855,1355,47.5,48.8
"151","5350120.00","CT","0120.00",0.2586,1418,679,629,"35535","","3520005","3520",7.6,5,NA,9.2,5,6.8,3,NA,8.8,5,0.506,0.534,0.443,1415,305,43,44.8
"152","5350121.00","CT","0121.00",0.2974,3183,2088,1759,"35535","","3520005","3520",9.9,11,12,10.7,8,7.7,11,12,9,4,0.553,0.589,0.487,3185,1025,49.9,50.8
"153","5350122.00","CT","0122.00",0.5338,6199,3791,3439,"35535","","3520005","3520",9.4,10,9.5,10.3,7.2,6.8,6.6,5,8.5,3.2,0.56,0.609,0.489,6200,1700,47.5,47.2
"154","5350123.00","CT","0123.00",0.075,2377,1484,1399,"35535","","3520005","3520",14.2,21,18,13,17.5,10.1,13,10,10.3,6,0.347,0.44,0.305,2375,355,41.9,36.8
"155","5350124.00","CT","0124.00",0.5514,5529,3605,3200,"35535","","3520005","3520",10.2,11.2,13,11,8.6,7.6,9.2,9,9.3,3.9,0.55,0.605,0.483,5530,1765,50.2,50.8
"156","5350125.00","CT","0125.00",1.1201,4270,1610,1540,"35535","","3520005","3520",5.8,6.2,4.5,6,4.4,4.8,5,3,5.3,2.6,0.549,0.566,0.496,4265,785,41.1,43.2
"157","5350126.00","CT","0126.00",1.4493,4164,1736,1672,"35535","","3520005","3520",5.8,5.2,6,5.7,7,3.7,2.4,3,4.5,2.8,0.445,0.488,0.38,4165,680,40.4,42.8
"158","5350127.00","CT","0127.00",0.7405,5293,2246,2127,"35535","","3520005","3520",5.6,3.2,4,5.9,8,4.2,2.6,3.6,4.8,3.8,0.415,0.458,0.351,5290,770,40,42
"159","5350128.02","CT","0128.02",0.5187,12611,8109,6896,"35535","","3520005","3520",15.4,15.8,15,15.3,15.8,11.3,9.6,9.6,12,7.6,0.436,0.5,0.379,12610,1775,40.1,35.2
"160","5350128.04","CT","0128.04",0.162,4772,3145,2936,"35535","","3520005","3520",16.4,16,14,11.7,31.6,9.4,12,9,9,9.6,0.396,0.485,0.347,4770,1070,45.6,42.4
"161","5350128.05","CT","0128.05",0.1816,1127,519,484,"35535","","3520005","3520",10.2,4,NA,11.2,12,8,NA,NA,9.2,8,0.459,0.507,0.392,1125,310,47.6,43.2
"162","5350128.06","CT","0128.06",0.0858,4870,3114,2867,"35535","","3520005","3520",15.1,14,9,14.8,18.8,11.5,9.6,5,12.3,7.6,0.349,0.436,0.312,4870,500,38.9,35.6
"163","5350129.00","CT","0129.00",0.9274,5642,2780,2565,"35535","","3520005","3520",8.1,7.6,6,8.4,7.2,6.1,5,3.6,7.1,3,0.521,0.565,0.451,5645,910,40.7,39.2
"164","5350130.00","CT","0130.00",1.279,3355,1349,1253,"35535","","3520005","3520",7.5,7.4,5,8.5,4.4,6.3,6.6,4,7.3,3.2,0.658,0.677,0.609,3355,675,43,46
"165","5350131.00","CT","0131.00",1.0444,5258,2503,2330,"35535","","3520005","3520",9,10.6,7,9.5,6.5,7.4,8,4.5,8.8,3.6,0.674,0.703,0.627,5260,1240,44.5,45.6
"166","5350132.00","CT","0132.00",0.9246,5350,2127,2010,"35535","","3520005","3520",7.7,7,6.4,7.9,8,5.4,4.4,5,6.2,4,0.526,0.578,0.459,5350,890,40.7,41.6
"167","5350133.00","CT","0133.00",0.6675,7082,3441,3237,"35535","","3520005","3520",13.2,14.1,13.2,11.8,16.8,8.4,9.8,9.5,8.9,5.4,0.482,0.576,0.415,7085,1535,44.3,44.4
"168","5350134.00","CT","0134.00",0.417,2911,1070,1020,"35535","","3520005","3520",5.4,5.2,5,5.1,7.6,4.7,4.4,3,4.8,4.8,0.406,0.441,0.345,2915,460,39.4,40
"169","5350135.00","CT","0135.00",0.7162,6782,3909,3431,"35535","","3520005","3520",12.5,10,9,13.2,12.2,8.8,7.7,7.2,10,4.2,0.461,0.523,0.393,6780,1040,40.4,38.4
"170","5350136.01","CT","0136.01",0.192,7267,4719,4263,"35535","","3520005","3520",16.8,18,15.6,16.3,19.2,11.3,11.8,11,12.1,5,0.378,0.475,0.334,7265,800,39.8,36.8
"171","5350136.02","CT","0136.02",0.2101,8740,6747,5167,"35535","","3520005","3520",19.9,21.2,18.5,17.5,35.2,13.3,12,12,13.9,10.4,0.397,0.49,0.35,8740,1015,38.7,34.4
"172","5350137.00","CT","0137.00",0.9142,6916,3639,3373,"35535","","3520005","3520",11.8,7.3,8,9.2,24.2,6.5,4.2,4,6.8,7.3,0.467,0.532,0.397,6915,1335,42.8,42.4
"173","5350138.00","CT","0138.00",0.9655,3010,1218,1134,"35535","","3520005","3520",8.6,9.2,12,9,7.2,6.2,6,8,7.4,2.8,0.613,0.634,0.555,3010,620,42.9,45.6
"174","5350139.01","CT","0139.01",0.7736,4316,2091,1965,"35535","","3520005","3520",9.8,9.6,9,10.4,7.8,7,7,4,7.8,4,0.543,0.581,0.468,4320,795,42.4,43.2
"175","5350139.02","CT","0139.02",0.5095,2440,945,887,"35535","","3520005","3520",5.5,4.8,NA,5.8,5,4.4,4,NA,5,2,0.587,0.608,0.523,2440,380,40.9,43.6
"176","5350140.00","CT","0140.00",0.572,2341,835,781,"35535","","3520005","3520",4.4,5.6,5,5,NA,4,4.4,NA,4.6,NA,0.505,0.525,0.452,2340,410,41.6,45.2
"177","5350141.01","CT","0141.01",0.5504,4493,1734,1663,"35535","","3520005","3520",5.2,3.8,3.2,5.8,5.6,4.2,2.8,2.5,5.2,2.4,0.412,0.45,0.349,4495,650,39.2,41.6
"178","5350141.02","CT","0141.02",0.6876,4653,1687,1621,"35535","","3520005","3520",4.7,4.6,5,5.1,3.2,3.4,3,2,3.9,1.6,0.419,0.454,0.352,4650,620,39.1,41.6
"179","5350142.00","CT","0142.00",1.0439,5589,2316,2176,"35535","","3520005","3520",6.6,4.6,4,5.7,12.8,4.1,3.1,1.2,4.4,4.4,0.547,0.58,0.469,5590,950,41.3,43.6
"180","5350150.00","CT","0150.00",1.071,4210,1659,1589,"35535","","3520005","3520",5.8,4.8,7.6,6,6.4,4.2,3,4.5,5.1,2.8,0.453,0.493,0.38,4210,715,40.9,42.8
"181","5350151.00","CT","0151.00",0.6388,3756,1580,1518,"35535","","3520005","3520",19,21.8,19.5,15.9,28.4,9.6,9.8,11,9.6,8.8,0.405,0.568,0.354,3760,500,38.7,39.6
"182","5350152.00","CT","0152.00",0.8517,4653,1847,1784,"35535","","3520005","3520",5.4,3.6,3.6,5.4,8.4,3.7,2.6,3.2,4.4,2,0.356,0.422,0.304,4650,645,40,41.2
"183","5350153.00","CT","0153.00",0.9311,4460,1761,1675,"35535","","3520005","3520",10.2,10.4,9.5,9.3,14,7.3,7,6,8,4.8,0.288,0.419,0.256,4460,670,41.5,41.2
"184","5350154.00","CT","0154.00",2.0905,6192,2905,2769,"35535","","3520005","3520",10.5,10.8,12,8.8,14.8,5.5,3.6,4,6.1,5.2,0.3,0.43,0.264,6195,1500,45.7,46
"185","5350155.00","CT","0155.00",0.8071,3080,1317,1240,"35535","","3520005","3520",20.9,25.2,25,18.4,26.4,12.1,11.2,13,13.2,8,0.336,0.541,0.298,3080,430,39.9,39.6
"186","5350156.01","CT","0156.01",0.6031,5700,2373,2288,"35535","","3520005","3520",24.4,28.5,29.6,18.5,39.8,12.2,12.6,16.5,12,12.6,0.309,0.522,0.278,5700,1030,40.4,39.6
"187","5350156.02","CT","0156.02",0.5874,2810,1120,1063,"35535","","3520005","3520",13.1,13.2,10,10,24.8,7.8,8.8,8,8,5.6,0.286,0.42,0.258,2805,460,41.6,41.6
"188","5350157.00","CT","0157.00",0.4606,2716,1117,1036,"35535","","3520005","3520",15.5,21.6,18,13.4,17.5,9.2,10.4,12,9.5,5,0.294,0.444,0.263,2715,320,38.7,37.6
"189","5350158.00","CT","0158.00",0.6353,3036,1421,1322,"35535","","3520005","3520",18.3,12,10,13.2,39.6,10.4,7.6,8,11.7,8.8,0.295,0.473,0.264,3035,605,43.4,43.2
"190","5350159.01","CT","0159.01",0.4925,3506,1403,1272,"35535","","3520005","3520",10.9,12.8,13,9.8,13.6,7.3,6.8,7,8.2,3.8,0.289,0.429,0.257,3505,570,41.5,40.8
"191","5350159.02","CT","0159.02",0.5785,4865,1899,1787,"35535","","3520005","3520",10,11.2,9,8.3,15.6,6.5,6.4,5,6.7,5.4,0.284,0.408,0.252,4865,755,41,40
"192","5350160.00","CT","0160.00",0.7312,3152,1235,1154,"35535","","3520005","3520",9.6,12.8,12,7.9,14,6.5,8,6,6.6,4.4,0.292,0.41,0.26,3150,470,41.1,40.4
"193","5350161.00","CT","0161.00",0.8113,6885,2723,2556,"35535","","3520005","3520",11.1,14.9,13.2,9.3,14.6,7.8,8.2,5.2,8.2,5.6,0.301,0.427,0.268,6885,1035,41,40.4
"194","5350162.00","CT","0162.00",0.5757,4846,2081,1908,"35535","","3520005","3520",11.1,10.2,7,9.2,19,6.3,4.8,4,6.7,6.6,0.292,0.432,0.258,4850,920,42.7,42
"195","5350163.00","CT","0163.00",0.4542,4308,1909,1743,"35535","","3520005","3520",10.8,11.2,12,9.3,16.4,7.1,5.8,7,8,4.8,0.35,0.46,0.304,4310,720,41.7,40.8
"196","5350164.00","CT","0164.00",0.6282,6002,2616,2423,"35535","","3520005","3520",9.2,8.4,6.8,8.6,12.4,6,4.2,2.4,7.2,3.2,0.337,0.452,0.293,6005,1005,41.3,40.4
"197","5350165.00","CT","0165.00",0.4849,4209,1999,1830,"35535","","3520005","3520",10.3,6.2,3.6,8.8,20.8,6.5,4,2,6.9,7.8,0.414,0.491,0.347,4205,690,40.7,40.4
"198","5350166.00","CT","0166.00",0.786,4024,1733,1624,"35535","","3520005","3520",8.9,6.6,8.5,9,11.6,5.9,3.6,5,7.4,4,0.513,0.557,0.444,4020,710,40.5,40.8
"199","5350167.01","CT","0167.01",0.1341,2446,1740,1540,"35535","","3520005","3520",14.5,22,18,13.2,15.2,8,17,16,9.4,4.4,0.434,0.521,0.374,2445,940,52.6,52.8
"200","5350167.02","CT","0167.02",0.6014,5745,3257,2878,"35535","","3520005","3520",13.4,13.2,15.2,12.1,20.6,8.1,6.8,8,9,4.8,0.42,0.524,0.36,5745,845,40.7,38
"201","5350168.00","CT","0168.00",0.5655,5674,2836,2565,"35535","","3520005","3520",16.7,10.2,10,12.3,37,9.6,6,6,10.6,9.4,0.376,0.523,0.327,5670,1105,42.8,41.6
"202","5350169.01","CT","0169.01",0.3781,3587,1571,1422,"35535","","3520005","3520",11,12.4,12,10.6,11.2,7.7,6.4,6,8.7,4.4,0.313,0.44,0.274,3585,570,42.1,42
"203","5350169.02","CT","0169.02",0.4378,7596,3426,3252,"35535","","3520005","3520",12.3,13.7,15.2,10.6,18,7.5,7,7.6,8.2,5.2,0.322,0.45,0.282,7595,1215,41.8,41.2
"204","5350170.00","CT","0170.00",1.0124,3407,1348,1266,"35535","","3520005","3520",10.1,10,10,9.1,14.2,7.9,6.4,6,8.8,5.6,0.288,0.424,0.259,3405,590,42.7,42
"205","5350171.00","CT","0171.00",0.61,3914,1572,1486,"35535","","3520005","3520",17.4,20.8,21,15,22.8,10.1,10.8,12,11,5.6,0.304,0.492,0.27,3915,775,42.4,41.6
"206","5350172.00","CT","0172.00",1.207,2505,1179,1087,"35535","","3520005","3520",19,24,26,17.4,19.5,11.4,11.6,13,12.3,6,0.368,0.557,0.323,2505,310,39.2,38.8
"207","5350173.00","CT","0173.00",0.5942,3586,1540,1400,"35535","","3520005","3520",19.2,26.4,29,16.5,20.4,11.8,12.2,12,12.6,6.8,0.29,0.475,0.26,3590,445,38.4,38.4
"208","5350174.00","CT","0174.00",1.0531,7062,2755,2621,"35535","","3520005","3520",12.4,16.4,18.5,10.3,17,6.7,8.2,9.5,6.8,4,0.263,0.423,0.237,7065,1230,41.9,41.2
"209","5350175.01","CT","0175.01",0.7906,5963,2565,2348,"35535","","3520005","3520",21,27.8,30.8,17.7,26.6,12.8,13.8,17,13.3,9.6,0.316,0.514,0.285,5960,990,41.1,40
"210","5350175.02","CT","0175.02",0.7229,8672,4253,3920,"35535","","3520005","3520",21.7,24.2,26.6,19.1,31.2,13.1,12.5,13.2,14.2,8.4,0.314,0.517,0.283,8670,1155,38.5,36.8
"211","5350176.00","CT","0176.00",1.0009,4261,1762,1651,"35535","","3520005","3520",9,11.6,11,8.4,8.4,6.3,6,4.5,6.8,4.8,0.317,0.425,0.279,4260,720,42,42.4
"212","5350180.00","CT","0180.00",0.6138,6462,3016,2753,"35535","","3520005","3520",17,19,20.4,15.6,22.6,10,6.6,7.2,11.4,7.6,0.322,0.497,0.286,6460,735,38.8,38.8
"213","5350181.01","CT","0181.01",0.5706,4382,1928,1824,"35535","","3520005","3520",6.8,4,1.6,6.3,12.8,5.2,2.6,1.6,6.4,3.8,0.315,0.395,0.275,4380,620,40.7,41.2
"214","5350181.02","CT","0181.02",0.6018,3546,1645,1554,"35535","","3520005","3520",12.6,8.8,8,8.9,29.2,6.2,2.8,3,7,6.8,0.337,0.465,0.296,3550,655,42.4,42.4
"215","5350182.00","CT","0182.00",0.7605,5407,2279,2141,"35535","","3520005","3520",7.1,5.4,3.2,6.9,10.6,4.1,2.4,1.6,4.9,3.2,0.327,0.407,0.281,5405,765,40.3,42
"216","5350183.01","CT","0183.01",0.5241,2623,1046,1003,"35535","","3520005","3520",6.4,4.8,NA,5.9,10,4.7,3.6,NA,5.7,2.4,0.358,0.451,0.303,2630,440,41.3,42.4
"217","5350183.02","CT","0183.02",0.4281,4035,1621,1574,"35535","","3520005","3520",6.6,4.6,6,6.3,10.4,3.3,1.8,3,3.9,3.2,0.332,0.416,0.282,4035,595,40.1,41.2
"218","5350184.01","CT","0184.01",0.4741,5008,2357,2228,"35535","","3520005","3520",15.7,16,18,11.4,27.6,7.5,6,6,8.2,6.8,0.377,0.514,0.329,5005,1040,43.1,43.2
"219","5350184.02","CT","0184.02",0.5571,3671,1706,1608,"35535","","3520005","3520",10.8,9.6,11,10.1,14.2,6.2,4.4,5,7.1,4.8,0.36,0.482,0.315,3675,630,42.9,43.6
"220","5350185.01","CT","0185.01",0.4992,6836,3480,3279,"35535","","3520005","3520",14.7,12,11.2,13.8,21,8.2,5.4,4.8,9.4,6.2,0.378,0.517,0.324,6835,1115,42,41.6
"221","5350185.02","CT","0185.02",1.1945,4244,2114,1998,"35535","","3520005","3520",14.6,16,16,13.2,18.4,8.5,7.8,6,9.3,6,0.378,0.501,0.328,4245,805,43.9,44.4
"222","5350186.00","CT","0186.00",1.8682,2382,950,915,"35535","","3520005","3520",6,5.2,4,6,7.2,4.2,3.6,NA,4.8,3.2,0.559,0.588,0.487,2380,450,42.4,45.6
"223","5350187.00","CT","0187.00",1.1945,3473,1417,1335,"35535","","3520005","3520",5.9,2.8,5,5.9,9.6,4.5,2.4,2.5,5.4,4,0.359,0.438,0.307,3470,600,42.4,44.4
"224","5350188.00","CT","0188.00",0.552,2031,831,786,"35535","","3520005","3520",7.8,5.2,4,6.8,12.8,5.3,4,3,6.4,3.6,0.349,0.444,0.297,2030,445,43.8,45.2
"225","5350189.00","CT","0189.00",1.2261,5655,2340,2265,"35535","","3520005","3520",14.7,20.4,18,13.4,13.8,9.2,10.4,9.5,10.4,4,0.372,0.526,0.319,5655,1285,44.9,45.2
"226","5350190.01","CT","0190.01",0.3985,8588,3468,3257,"35535","","3520005","3520",18.4,22.5,24,16.4,21.8,11,9.9,9.2,12.3,6.2,0.282,0.473,0.254,8585,1005,37.2,36.4
"227","5350190.02","CT","0190.02",0.5813,4612,2095,1968,"35535","","3520005","3520",18,22,25,15.9,22.4,9.5,10.4,13,10.1,4.8,0.342,0.523,0.298,4615,650,40.4,41.2
"228","5350191.00","CT","0191.00",0.823,4372,1891,1774,"35535","","3520005","3520",9.5,8.8,9,9.2,11.4,6.6,5.2,4,7.7,4,0.329,0.44,0.287,4370,700,41.7,42
"229","5350192.00","CT","0192.00",0.9181,843,467,414,"35535","","3520005","3520",18.8,19,30,10.8,38.5,8.8,9,20,8.8,8,0.362,0.518,0.318,845,210,47.4,50.4
"230","5350193.00","CT","0193.00",1.3846,3264,1080,1037,"35535","","3520005","3520",9.5,14.2,18,8.6,6.4,5.9,7,9,6.2,2.8,0.406,0.526,0.346,3260,495,39.1,39.6
"231","5350194.01","CT","0194.01",0.2711,7821,2168,2040,"35535","","3520005","3520",29.5,35.2,39.2,26.3,26,13.6,13.3,14.8,14,11.2,0.244,0.578,0.222,7825,425,30,28.2
"232","5350194.02","CT","0194.02",0.3063,4717,1616,1493,"35535","","3520005","3520",22.9,31.4,33.5,19.8,18.8,11.9,13.5,16,11.9,8.4,0.302,0.565,0.27,4720,800,38.1,34.8
"233","5350194.03","CT","0194.03",0.2502,2700,1191,1148,"35535","","3520005","3520",24.9,24.8,26,16.6,48.8,11,12.4,15,10.8,10,0.278,0.517,0.249,2705,550,41.6,40.4
"234","5350194.04","CT","0194.04",2.2646,5399,2516,2383,"35535","","3520005","3520",17.2,23.8,22.8,14.1,21.6,9.1,10.8,9.6,9.1,6.4,0.341,0.5,0.299,5400,750,39,38
"235","5350195.01","CT","0195.01",0.9373,4425,1747,1576,"35535","","3520005","3520",6.3,5.2,5,6.3,8.4,4.1,3,3,4.7,3.6,0.458,0.5,0.381,4425,630,40.5,42.8
"236","5350195.02","CT","0195.02",0.3781,2384,977,940,"35535","","3520005","3520",5,5.2,NA,5.2,4,4,4,NA,4.4,1.6,0.424,0.462,0.355,2385,360,40.4,43.2
"237","5350196.01","CT","0196.01",0.3774,1942,815,772,"35535","","3520005","3520",5.3,6,NA,5.4,4.5,3.9,4.5,NA,4.8,1,0.484,0.522,0.411,1945,415,43.6,46.4
"238","5350196.02","CT","0196.02",1.1055,5577,2369,2232,"35535","","3520005","3520",5.1,3.2,3.6,5.6,5.8,3.5,2.4,3,4.2,2.2,0.486,0.519,0.418,5580,1075,43.1,46
"239","5350200.01","CT","0200.01",0.5578,5594,3140,3002,"35535","","3520005","3520",16.2,21.6,19.5,14.8,16.8,9,10.4,9.5,10,5.6,0.384,0.542,0.332,5590,1250,45.9,46.4
"240","5350200.02","CT","0200.02",0.1472,1049,671,639,"35535","","3520005","3520",18.8,24,20,17.6,22,12,16,10,12.8,7,0.402,0.551,0.346,1050,180,44.1,42.4
"241","5350201.00","CT","0201.00",0.7606,5528,2932,2734,"35535","","3520005","3520",15.5,12.6,11,11.8,34.4,9.1,6.8,6.8,9.8,7.8,0.39,0.494,0.34,5535,945,42.4,40
"242","5350202.00","CT","0202.00",0.3359,1640,668,644,"35535","","3520005","3520",6.5,3.6,NA,6.8,9,4.2,NA,NA,5.6,3,0.353,0.432,0.3,1640,250,40.8,42.4
"243","5350203.00","CT","0203.00",0.5966,3425,1609,1518,"35535","","3520005","3520",8.3,6.4,5,7.8,13.6,5.9,4.4,3,6.6,4.4,0.351,0.445,0.304,3425,495,41,40.8
"244","5350204.00","CT","0204.00",0.7465,4596,2310,2173,"35535","","3520005","3520",12.2,7.4,9,10.4,23.2,8.3,4.4,4,9.8,7.2,0.382,0.488,0.328,4595,830,42.3,42.8
"245","5350205.00","CT","0205.00",0.7448,144,1,0,"35535","","3520005","3520",NA,NA,NA,NA,NA,NA,NA,NA,NA,NA,NA,NA,NA,145,130,75,77.5
"246","5350206.01","CT","0206.01",1.1402,5106,2626,2483,"35535","","3520005","3520",10.7,8.8,8.5,9.5,17.6,6.6,4.4,6,7.3,6,0.371,0.47,0.322,5105,820,41.9,40.4
"247","5350206.02","CT","0206.02",1.0895,6294,3059,2810,"35535","","3520005","3520",11.6,11.8,12.4,10.6,16.4,8,6,5.6,9,5.4,0.386,0.496,0.329,6290,850,40.3,39.6
"248","5350207.00","CT","0207.00",0.675,2597,1295,1142,"35535","","3520005","3520",12.1,10,7,11.4,18,10.3,4.5,5,11.9,7.6,0.315,0.438,0.279,2595,340,39.9,37.2
"249","5350208.00","CT","0208.00",1.2974,4165,2083,1960,"35535","","3520005","3520",22.2,20.4,18,17.4,45.2,12.6,9.6,9.5,13.6,11.6,0.346,0.534,0.304,4165,640,40.7,39.6
"250","5350209.00","CT","0209.00",0.681,2862,1451,1351,"35535","","3520005","3520",18.4,12,10,11.6,42.8,9.6,5.2,4,9.1,14.2,0.377,0.521,0.327,2860,615,44.2,43.2
"251","5350210.01","CT","0210.01",2.9534,3703,1044,987,"35535","","3520005","3520",5.3,5.6,4,4.8,7.6,3.7,2.8,NA,4,2.8,0.325,0.399,0.276,3700,350,38.5,37.2
"252","5350210.03","CT","0210.03",0.4539,6959,4432,4159,"35535","","3520005","3520",11.9,18,17.5,11.2,15.6,8.9,11.2,11.6,8.7,7.6,0.34,0.404,0.301,6960,295,35.7,34
"253","5350210.04","CT","0210.04",0.4751,10080,6673,6166,"35535","","3520005","3520",13.1,18,17,13.9,8.6,8.9,9.6,9,10,4.6,0.438,0.513,0.383,10080,2020,44.9,40.4
"254","5350211.00","CT","0211.00",3.2763,6884,2752,2631,"35535","","3520005","3520",6.6,6.4,5.2,5.6,9.8,4.4,2.8,2,5,3.7,0.305,0.41,0.265,6885,1325,43.2,43.2
"255","5350212.00","CT","0212.00",1.6941,5712,2282,2157,"35535","","3520005","3520",5.9,4.2,4.8,5.8,8.4,4.1,2.8,2.8,4.7,3,0.319,0.405,0.274,5710,955,41.8,42
"256","5350213.01","CT","0213.01",0.9423,2658,1026,985,"35535","","3520005","3520",5.6,5.2,5,5.3,6.8,4.4,3.2,NA,5.7,1.6,0.372,0.453,0.315,2655,545,44.1,45.6
"257","5350213.02","CT","0213.02",7.001,6301,3516,3312,"35535","","3520005","3520",9.7,9.2,8,8.5,16.8,6.8,6,3.6,7,6,0.31,0.393,0.273,6300,870,40.7,37.2
"258","5350214.00","CT","0214.00",2.8231,6728,3333,3186,"35535","","3520005","3520",7.3,6.6,6.8,7,10.2,5.2,4.2,4.5,5.6,4,0.328,0.408,0.286,6730,880,40,38
"259","5350215.00","CT","0215.00",2.5734,7151,3019,2887,"35535","","3520005","3520",7.6,6.4,5.2,6.3,13.6,4.6,2.8,2.4,5,4.8,0.339,0.428,0.29,7155,1320,43.2,43.6
"260","5350216.00","CT","0216.00",1.9782,5489,2224,2136,"35535","","3520005","3520",4.9,4.8,2.5,5.1,4.4,3.5,3.4,NA,4.1,1.8,0.404,0.459,0.339,5485,1140,43.4,45.6
"261","5350217.00","CT","0217.00",1.223,5900,3017,2832,"35535","","3520005","3520",17.7,19,20.4,16.6,21.4,10.4,10.2,15.2,11.4,5.6,0.337,0.488,0.294,5900,820,40.8,40.4
"262","5350218.00","CT","0218.00",0.6764,2674,1055,1016,"35535","","3520005","3520",3.8,3.2,4,3.8,4.4,2.9,2,NA,3.4,2.8,0.435,0.474,0.366,2675,535,42.7,45.2
"263","5350219.00","CT","0219.00",1.3542,4531,1696,1644,"35535","","3520005","3520",5.3,4.2,5,5.4,6.2,3.9,4.2,6,4.4,2,0.395,0.457,0.33,4530,895,43,44.8
"264","5350220.00","CT","0220.00",1.2991,4196,1597,1546,"35535","","3520005","3520",7.1,7.8,8,5.7,10.8,3.9,3.8,5,4.4,2.4,0.351,0.441,0.3,4195,1005,46.2,48
"265","5350221.01","CT","0221.01",1.6291,6363,2754,2674,"35535","","3520005","3520",5.3,4.6,4,4.8,6.5,3.2,2.4,1.6,3.9,2.3,0.363,0.45,0.308,6365,1950,49.4,53.2
"266","5350221.02","CT","0221.02",0.805,5269,2169,2061,"35535","","3520005","3520",11.8,16,18.5,10.2,15.2,7.8,8.4,9,8.2,5.2,0.303,0.442,0.265,5265,800,40.4,37.6
"267","5350222.01","CT","0222.01",1.2848,7105,2907,2795,"35535","","3520005","3520",7,6.8,6.8,6.1,10.6,4.6,3.8,4,4.8,4.6,0.357,0.458,0.302,7105,1195,41.2,40
"268","5350222.02","CT","0222.02",1.2002,4985,1851,1744,"35535","","3520005","3520",14.8,21.2,25.6,12.5,14,8.5,11,9.5,8.5,4.8,0.438,0.559,0.368,4985,880,41.1,41.2
"269","5350223.01","CT","0223.01",0.8578,1522,545,525,"35535","","3520005","3520",3.9,3.2,NA,3.8,5,3.5,4.5,8,3,3.6,0.384,0.439,0.326,1520,335,44.7,48
"270","5350223.02","CT","0223.02",0.8725,2180,793,763,"35535","","3520005","3520",5,6.8,6,3.9,7.2,3.4,4,NA,3.8,1.6,0.398,0.461,0.333,2180,380,42.5,44.4
"271","5350224.00","CT","0224.00",1.0381,1650,581,569,"35535","","3520005","3520",4,4,NA,4.2,3,3,4,NA,3.4,NA,0.471,0.51,0.417,1650,315,43.8,48.8
"272","5350225.01","CT","0225.01",0.9188,5209,2597,2472,"35535","","3520005","3520",9.3,11.6,9,9.8,7.4,6.1,5.6,5,8.2,2.2,0.422,0.517,0.359,5210,1570,49.2,51.2
"273","5350225.02","CT","0225.02",0.3045,10827,5846,5429,"35535","","3520005","3520",19.8,23.1,21.6,14.6,48.2,10.7,11.2,11.6,10.6,10.6,0.324,0.46,0.29,10830,1435,39.2,35.6
"274","5350226.00","CT","0226.00",0.949,2813,1025,1004,"35535","","3520005","3520",3.6,2.8,2.5,3.6,4.4,2.3,2.4,NA,2.4,1.8,0.434,0.471,0.364,2815,535,42,44.4
"275","5350227.00","CT","0227.00",0.4918,1752,678,651,"35535","","3520005","3520",4.2,5,NA,3.8,4,3.2,3.2,NA,3.2,3.2,0.514,0.537,0.445,1750,350,43.7,48
"276","5350228.00","CT","0228.00",0.8207,3144,1522,1430,"35535","","3520005","3520",5.3,6,6,5.9,4,3.6,4.8,4,4.4,1.6,0.522,0.558,0.451,3145,990,48.6,52
"277","5350229.00","CT","0229.00",0.3203,1226,396,388,"35535","","3520005","3520",6,7.6,NA,5.2,5,5,6,NA,4.8,4,0.502,0.524,0.424,1230,255,43.8,47.2
"278","5350230.01","CT","0230.01",1.4481,2649,1297,1141,"35535","","3520005","3520",9.9,13.6,20,9,9.6,6.3,9,12,6.9,3.2,0.628,0.677,0.548,2650,770,49.1,51.6
"279","5350230.02","CT","0230.02",0.9858,6558,2784,2675,"35535","","3520005","3520",8.6,13,16.5,7,9.4,4.1,5.8,8,4.2,2.6,0.375,0.5,0.316,6560,1610,45.9,46.8
"280","5350231.00","CT","0231.00",3.0227,6273,2559,2469,"35535","","3520005","3520",6.6,6,7.6,6.8,6.8,4.5,4.2,4,4.9,3.6,0.513,0.558,0.442,6275,1370,44.2,46.4
"281","5350232.00","CT","0232.00",2.0474,3820,1341,1318,"35535","","3520005","3520",4.4,5.6,8,4.1,4,3,3,5,3.2,2.6,0.47,0.506,0.409,3820,910,45.6,50
"282","5350233.00","CT","0233.00",2.0783,5707,2079,2014,"35535","","3520005","3520",6,7.4,7.2,4.9,7.9,3.5,4,4.5,3.2,4,0.382,0.458,0.324,5705,1090,42.5,43.6
"283","5350234.00","CT","0234.00",2.1001,4531,1642,1593,"35535","","3520005","3520",6.4,7,5,6.5,5.6,3.5,3.6,NA,3.9,2.4,0.324,0.416,0.28,4530,865,42.5,43.6
"284","5350235.01","CT","0235.01",1.4071,2902,1042,1019,"35535","","3520005","3520",3.7,2.8,NA,3.1,6.4,2.9,2,NA,3.1,3.2,0.259,0.346,0.23,2900,540,43.3,44.8
"285","5350235.02","CT","0235.02",1.078,5166,2041,1991,"35535","","3520005","3520",6.4,6.2,4,5.6,8.8,4,3.4,NA,4.6,3,0.291,0.412,0.257,5165,1185,45.6,47.6
"286","5350236.01","CT","0236.01",0.9868,6949,2750,2667,"35535","","3520005","3520",10.4,13.7,13.6,8.6,13.5,5.1,5.2,3.2,5.4,4,0.295,0.434,0.261,6950,1450,43.8,43.6
"287","5350236.02","CT","0236.02",3.9589,5902,2282,2241,"35535","","3520005","3520",6.6,7.8,8.5,5.9,7.6,3.4,3.8,5,4,1.9,0.312,0.409,0.27,5905,1435,45.9,48.4
"288","5350237.01","CT","0237.01",1.1853,6641,2463,2381,"35535","","3520005","3520",16,21.8,25.6,12.7,19.6,8.6,11,12.4,8.7,5,0.304,0.478,0.269,6640,1160,39.8,38.8
"289","5350237.02","CT","0237.02",0.955,3003,1064,1042,"35535","","3520005","3520",6.1,7,6,5.4,7.6,3.2,1.8,NA,3.9,2,0.274,0.386,0.241,3005,565,42.5,42.8
"290","5350237.03","CT","0237.03",1.0683,5935,2725,2629,"35535","","3520005","3520",10.5,13.2,14.8,7.7,14.7,5.2,7,6.8,5.5,3.3,0.31,0.454,0.269,5935,1650,47,47.6
"291","5350238.01","CT","0238.01",1.0368,3500,1327,1302,"35535","","3520005","3520",4.2,2.8,3,4,5.8,2.4,1.8,NA,2.9,1.8,0.343,0.419,0.294,3495,825,45,47.2
"292","5350238.02","CT","0238.02",0.9766,5306,2073,1960,"35535","","3520005","3520",11.3,16.2,15.2,9.3,12.8,5.4,6.4,6.4,6,2.4,0.31,0.461,0.27,5305,940,41.4,41.2
"293","5350239.00","CT","0239.00",2.5251,6715,2511,2401,"35535","","3520005","3520",15.4,25.8,26,13,10,8.3,12.3,13.2,8.2,2.8,0.354,0.506,0.308,6710,980,39.1,38
"294","5350240.01","CT","0240.01",1.2712,3377,1282,1242,"35535","","3520005","3520",4.3,4.4,3,3.6,5.8,2,1.6,NA,2.1,2.2,0.32,0.404,0.273,3375,890,46.6,48.8
"295","5350240.02","CT","0240.02",1.0371,6089,2614,2544,"35535","","3520005","3520",9.9,11.8,13,7.4,13.7,5.1,6.6,6,5.4,3.5,0.367,0.503,0.328,6090,2005,50.9,53.2
"296","5350241.00","CT","0241.00",1.0863,2772,1035,991,"35535","","3520005","3520",6,7.2,6,5.3,7.2,3.8,2.4,NA,4.6,2.4,0.341,0.427,0.295,2770,565,44.1,45.6
"297","5350242.00","CT","0242.00",0.6108,1566,608,577,"35535","","3520005","3520",18.8,27.2,20,17,14,10.9,18,14,9.6,5,0.365,0.547,0.319,1565,225,39.1,38.4
"298","5350243.01","CT","0243.01",0.3152,6212,2233,2112,"35535","","3520005","3520",18.8,28.4,29.6,15.2,19,9.8,10.2,10.4,11.1,4.8,0.309,0.549,0.275,6215,1055,39.1,36
"299","5350243.02","CT","0243.02",1.2154,3793,1346,1312,"35535","","3520005","3520",11.3,18.8,27,9.6,9.2,6.9,7.8,9,8,2.4,0.305,0.46,0.271,3795,720,41.7,40.8
"300","5350244.01","CT","0244.01",1.4233,3663,1308,1262,"35535","","3520005","3520",8.4,11.6,12,7.1,10.4,5.6,7.4,7,5.9,2.4,0.275,0.417,0.245,3660,625,42.4,42.4
"301","5350244.02","CT","0244.02",1.4473,5703,1989,1931,"35535","","3520005","3520",15,23.4,28.4,11.8,15,9.1,12.4,17.5,8.7,5.4,0.285,0.48,0.254,5700,765,37.8,36.4
"302","5350245.00","CT","0245.00",1.4211,7033,2811,2682,"35535","","3520005","3520",14.1,20.6,20.8,10.8,19.2,7.7,9,10.4,8,5,0.288,0.45,0.259,7035,1205,41.3,40.8
"303","5350246.00","CT","0246.00",1.0727,3345,1312,1263,"35535","","3520005","3520",12.1,11.2,13,10.6,18,7.2,3.6,4,9.1,3.8,0.29,0.417,0.259,3345,640,43,43.6
"304","5350247.01","CT","0247.01",17.2448,9027,3172,3010,"35535","","3520005","3520",10.3,15.1,18.4,8.9,11.2,7.4,8.4,10.4,8.2,2.8,0.274,0.401,0.249,9025,1315,39.5,36
"305","5350247.02","CT","0247.02",3.2287,7213,2535,2433,"35535","","3520005","3520",7.4,9.2,12,7,7.5,5.2,4.4,5.6,6,3,0.273,0.396,0.245,7215,1260,41.7,40
"306","5350248.02","CT","0248.02",1.2135,5538,1840,1779,"35535","","3520005","3520",22.7,30,34.5,18.1,31,11.7,11.7,11,12,10,0.294,0.54,0.268,5540,675,36.4,32
"307","5350248.03","CT","0248.03",3.7328,2651,791,768,"35535","","3520005","3520",6.2,8.5,8,5.6,6.8,6.6,2.4,NA,8.2,2.8,0.228,0.346,0.206,2655,400,40.6,38.8
"308","5350248.04","CT","0248.04",1.4771,4945,1677,1576,"35535","","3520005","3520",10.3,15.4,16,9.2,10.2,9.6,5.8,7,11.6,4,0.314,0.444,0.272,4945,920,41,36.4
"309","5350248.05","CT","0248.05",1.1307,4285,1389,1321,"35535","","3520005","3520",9.4,7.8,8,7.5,17.6,10.4,6.4,5,13.1,4,0.258,0.378,0.236,4285,895,43.2,41.6
"310","5350249.01","CT","0249.01",0.8298,4598,1422,1349,"35535","","3520005","3520",6,8.4,9,5.3,6.4,4.3,4,4,5.2,2,0.242,0.37,0.217,4595,1100,44.3,44.4
"311","5350249.03","CT","0249.03",2.9649,5569,1671,1592,"35535","","3520005","3520",7.3,9,10,6.1,11,6.5,4.8,6,7.5,3.8,0.237,0.373,0.217,5565,840,39.7,37.2
"312","5350249.04","CT","0249.04",0.6869,2709,863,810,"35535","","3520005","3520",8.9,14,16,8.2,7.2,8.8,5.6,8,10.9,4,0.259,0.391,0.235,2710,480,41.3,38.8
"313","5350249.05","CT","0249.05",0.6431,5606,1705,1619,"35535","","3520005","3520",19.5,28.3,34.5,15.5,22.8,10.2,11.9,14.8,10.2,6,0.263,0.478,0.24,5605,560,35.2,32.8
"314","5350250.01","CT","0250.01",1.3886,5047,1613,1497,"35535","","3520005","3520",11.3,16.8,18.5,10.1,9.6,7.1,7.4,10,8.2,2.4,0.296,0.454,0.265,5045,880,41.2,39.6
"315","5350250.02","CT","0250.02",1.9387,4958,1825,1747,"35535","","3520005","3520",12.2,16.4,17,10,15.4,7.7,8.8,10,8.2,5,0.296,0.444,0.264,4960,965,42.1,41.6
"316","5350250.04","CT","0250.04",0.485,5939,2077,1983,"35535","","3520005","3520",13.1,17.4,18.4,10.9,16.4,8,9,10,8.1,4,0.246,0.442,0.222,5940,495,35,34
"317","5350250.05","CT","0250.05",0.6689,7031,2283,2201,"35535","","3520005","3520",17.8,23.8,26.4,14.9,21.6,8.4,10,12,8.5,5.4,0.257,0.49,0.232,7030,845,37.5,36.4
"318","5350260.01","CT","0260.01",0.7135,6590,2432,2348,"35535","","3520005","3520",15.6,21.4,22,12.6,20.2,9.3,11.8,14.4,9.6,5.8,0.273,0.446,0.248,6590,1145,40.8,39.2
"319","5350260.04","CT","0260.04",0.1881,3879,1499,1381,"35535","","3520005","3520",25.9,29.8,32.5,18.4,48.8,10.4,11.2,12.4,9.1,14,0.282,0.557,0.252,3880,570,36.6,34.4
"320","5350260.05","CT","0260.05",0.2543,4139,1387,1330,"35535","","3520005","3520",31.9,37,42.8,28,43,15.6,17.2,23.6,15.1,13,0.265,0.637,0.243,4140,265,31,28.8
"321","5350260.06","CT","0260.06",0.9202,4354,1784,1647,"35535","","3520005","3520",17,23.6,20,14.9,20,9.9,10.8,9.5,10.1,5,0.322,0.491,0.284,4355,330,35,32.8
"322","5350260.07","CT","0260.07",0.3446,3591,1530,1487,"35535","","3520005","3520",11.2,12.8,14,8.2,17.2,6.1,6,9,6.3,5.6,0.297,0.456,0.258,3590,940,47,48.4
"323","5350261.00","CT","0261.00",1.9129,5547,2301,2207,"35535","","3520005","3520",22.5,25.6,22,16.5,35.2,11,11.4,10,11.2,10.4,0.321,0.529,0.288,5550,1515,46.5,47.6
"324","5350262.01","CT","0262.01",0.6709,5848,2756,2648,"35535","","3520005","3520",16.2,20.6,19.5,13.6,21,8.8,10.6,11.6,9.4,4.8,0.323,0.474,0.286,5845,1065,41.9,41.2
"325","5350262.02","CT","0262.02",2.146,6252,2519,2422,"35535","","3520005","3520",14.7,21,25.2,13.2,12.6,8.1,10.4,13.6,8.4,4,0.35,0.513,0.305,6255,1040,41.2,41.6
"326","5350263.02","CT","0263.02",1.9994,3873,1963,1864,"35535","","3520005","3520",11.2,10,14,8.7,17.8,6.6,7.2,9,6.7,5.8,0.376,0.464,0.324,3875,1065,48.2,50
"327","5350263.03","CT","0263.03",1.5561,4635,2192,2086,"35535","","3520005","3520",10,10.4,13,9.5,11.2,6.1,4.8,6,6.8,5,0.367,0.475,0.316,4635,840,43.3,43.6
"328","5350263.04","CT","0263.04",0.6751,6464,3614,3406,"35535","","3520005","3520",13.4,18.4,19.5,11.6,14.7,6.8,8.4,9,8.1,4.1,0.343,0.478,0.303,6465,2170,50.6,52
"329","5350264.00","CT","0264.00",3.4299,1260,470,416,"35535","","3520005","3520",12.6,15,20,14.8,6.8,9.8,11,NA,12,4.5,0.676,0.694,0.63,1260,380,48.8,54.4
"330","5350265.00","CT","0265.00",2.6642,5555,1889,1801,"35535","","3520005","3520",8.3,11,9,8.9,4.4,5.7,7.6,7,6.3,2.8,0.659,0.678,0.608,5555,1725,48.4,51.2
"331","5350266.00","CT","0266.00",2.7255,3094,1159,1085,"35535","","3520005","3520",9.1,12,14,9.3,6.2,7.1,8.8,12,7.8,3.8,0.67,0.689,0.607,3095,690,45.1,49.6
"332","5350267.00","CT","0267.00",2.7052,6042,2117,2036,"35535","","3520005","3520",10.5,13,10,11.7,4.8,7.8,9,6,9,3.3,0.499,0.545,0.442,6045,1290,44.1,47.6
"333","5350268.00","CT","0268.00",3.0255,6458,2935,2824,"35535","","3520005","3520",10.2,12,15,10.4,8.4,6,7.4,9,7,3.1,0.422,0.503,0.365,6460,1820,48.2,51.2
"334","5350269.01","CT","0269.01",0.7469,5284,2360,2224,"35535","","3520005","3520",16.9,25.4,24,13.8,22.8,9.9,12.6,12,10.1,4.8,0.298,0.47,0.267,5285,670,38.6,35.2
"335","5350269.02","CT","0269.02",1.754,2562,947,908,"35535","","3520005","3520",7.9,9.2,15,8.4,4.8,5.3,6.4,10,6.1,2,0.442,0.508,0.376,2560,540,44.1,46
"336","5350270.01","CT","0270.01",1.1233,4763,1965,1879,"35535","","3520005","3520",10.8,14.8,14,9.4,11.2,7.5,9,8.5,7.8,4.4,0.344,0.475,0.298,4760,790,41.2,41.2
"337","5350270.02","CT","0270.02",0.7566,4263,1632,1557,"35535","","3520005","3520",10.8,13.6,17.5,10.2,9.2,6,7.6,12,6.2,3.4,0.352,0.483,0.302,4260,650,39.8,40
"338","5350271.01","CT","0271.01",0.8935,2394,906,879,"35535","","3520005","3520",7.2,9.6,9,5.7,9.2,4.5,5.2,6,4.6,3.2,0.344,0.439,0.301,2395,475,43.7,45.6
"339","5350271.02","CT","0271.02",0.7092,4724,1767,1711,"35535","","3520005","3520",14.4,21.2,26,12.4,13.8,8.5,11.6,16.5,8.5,4.8,0.406,0.547,0.343,4725,750,40.6,41.2
"340","5350272.01","CT","0272.01",0.4552,5945,2414,2318,"35535","","3520005","3520",14.2,17.2,22,12.2,20,9.4,11,14,9.8,4.8,0.28,0.448,0.251,5945,750,39.2,38.4
"341","5350272.02","CT","0272.02",0.9988,4623,1789,1726,"35535","","3520005","3520",9.6,12,16,7.8,13.2,5.8,6.4,7,6.2,4,0.299,0.421,0.265,4620,1020,45.2,46.4
"342","5350273.01","CT","0273.01",3.1903,3703,1316,1245,"35535","","3520005","3520",11.8,17.2,12,11.7,7.4,8.5,12.4,12,8.8,4.4,0.608,0.661,0.542,3705,795,43.9,46.8
"343","5350273.02","CT","0273.02",1.2888,4032,1528,1461,"35535","","3520005","3520",13.1,19.2,16,12.8,9,10.7,15.2,12,11.2,6,0.481,0.544,0.424,4030,965,44.9,47.2
"344","5350274.01","CT","0274.01",1.5248,4712,1800,1690,"35535","","3520005","3520",14.3,19.6,21,13.1,12.6,9.9,11.4,11,10.5,6,0.561,0.634,0.487,4710,785,40.8,41.6
"345","5350274.02","CT","0274.02",1.3314,4558,2061,1946,"35535","","3520005","3520",12.4,15.2,7,13.1,8.8,8.6,11.4,5,9.5,4.2,0.542,0.599,0.485,4555,1050,45.3,47.6
"346","5350275.00","CT","0275.00",1.9615,5567,2422,2295,"35535","","3520005","3520",7.3,9.6,10,7.7,4.8,5.2,6.4,4.5,5.9,2.9,0.536,0.575,0.471,5565,1395,45.9,48.8
"347","5350276.01","CT","0276.01",1.2261,6317,2605,2488,"35535","","3520005","3520",8.4,6,6.8,7,14.7,5.4,4.2,4.5,5.8,5.4,0.49,0.549,0.424,6315,1320,43.2,45.2
"348","5350276.02","CT","0276.02",1.2826,6567,2512,2355,"35535","","3520005","3520",6.9,7.1,9,7,6.4,5.1,5,6.4,5.8,3,0.499,0.539,0.432,6565,1125,40.7,42.8
"349","5350277.00","CT","0277.00",1.0278,3925,1323,1199,"35535","","3520005","3520",6.3,7,7.6,6.3,5.6,4.2,4,5,5,2,0.574,0.618,0.514,3925,620,37.6,36.8
"350","5350278.00","CT","0278.00",1.3337,7734,2972,2787,"35535","","3520005","3520",10.8,8.3,8.8,8.8,20.6,5.9,3.8,4.8,6.9,6,0.485,0.575,0.42,7735,1400,38.8,36.8
"351","5350279.01","CT","0279.01",1.2144,4135,1668,1565,"35535","","3520005","3520",9.4,10.4,9.5,8.9,10,7,6.2,5,8.1,4,0.413,0.524,0.35,4135,820,44,45.2
"352","5350279.02","CT","0279.02",1.5756,6140,2375,2260,"35535","","3520005","3520",10.8,8.8,10,8.1,19.8,6.1,4,5,6.8,5.8,0.31,0.465,0.27,6135,1640,47.2,48
"353","5350280.00","CT","0280.00",2.1365,7217,3002,2875,"35535","","3520005","3520",12.9,18,18.4,10.9,14.5,6.7,7.6,8.5,7.2,3.7,0.309,0.473,0.271,7215,1145,41,40.8
"354","5350281.01","CT","0281.01",0.9657,6403,2333,2227,"35535","","3520005","3520",15.1,20,23.2,13.1,17.2,8.6,10.6,12,8.8,4.4,0.286,0.446,0.259,6400,870,39.3,38.8
"355","5350281.02","CT","0281.02",0.4129,3921,1339,1295,"35535","","3520005","3520",13.3,17.8,19,10.5,18.5,6.5,6.4,7,6.6,6,0.284,0.479,0.252,3920,425,36.4,34.8
"356","5350282.00","CT","0282.00",2.2191,4588,1676,1587,"35535","","3520005","3520",5.6,6.8,4,4.4,8.8,4.1,3.6,2,4.2,4.4,0.272,0.382,0.243,4590,795,42.3,42.4
"357","5350283.01","CT","0283.01",0.919,5153,1927,1846,"35535","","3520005","3520",16.6,23.6,24,13,21.6,8.1,10.2,11,8.4,4,0.311,0.508,0.275,5155,915,41.3,41.2
"358","5350283.02","CT","0283.02",1.1649,4390,1768,1676,"35535","","3520005","3520",22,30.2,33,18.5,23.4,10.3,13,14,10.7,6.4,0.364,0.572,0.321,4390,930,42.4,42
"359","5350284.00","CT","0284.00",1.4127,6762,2566,2407,"35535","","3520005","3520",9.2,11.8,14.4,7.9,11.6,5.5,6,7.2,5.8,3.9,0.303,0.451,0.266,6760,1345,43.1,42.8
"360","5350285.00","CT","0285.00",1.1139,3278,1257,1196,"35535","","3520005","3520",8.6,7.6,8,7.5,12.6,5.8,4.8,7,6.7,3.4,0.367,0.5,0.317,3280,675,44.5,45.2
"361","5350286.00","CT","0286.00",3.2442,6768,3230,3012,"35535","","3520005","3520",15,20.8,22,13.6,15.8,9.7,12.8,14.4,9.7,6.2,0.33,0.468,0.294,6765,855,38.4,34
"362","5350287.02","CT","0287.02",1.058,6471,2392,2246,"35535","","3520005","3520",10.8,12.7,10.8,9,15.4,7,6.4,4.4,7.2,7.2,0.316,0.458,0.275,6475,1065,39.8,39.6
"363","5350287.03","CT","0287.03",0.4842,2699,1236,1148,"35535","","3520005","3520",25.6,30,31,21.9,33.5,14.1,14.2,16,15.2,9.5,0.343,0.576,0.303,2700,375,37.9,37.2
"364","5350287.04","CT","0287.04",0.5939,4551,2059,1981,"35535","","3520005","3520",14.3,7.9,6.8,10.2,33.6,7.4,5,4,8,8.8,0.414,0.523,0.359,4550,895,41.4,41.6
"365","5350288.00","CT","0288.00",2.6307,11027,4955,4610,"35535","","3520005","3520",10.8,9.8,10.4,10.3,14.9,7.1,5.4,6.6,7.9,5.4,0.38,0.478,0.328,11025,1330,38.5,37.6
"366","5350289.00","CT","0289.00",1.3017,4885,1921,1827,"35535","","3520005","3520",8.4,10.2,11,7.5,10.4,6.1,5,8,7.2,2.8,0.311,0.445,0.272,4885,830,42.2,42
"367","5350290.01","CT","0290.01",0.944,3748,1530,1446,"35535","","3520005","3520",12.6,16.4,18,11,15.2,7.5,5.2,4.5,8.7,4.8,0.27,0.43,0.242,3745,575,41.4,42.4
"368","5350290.02","CT","0290.02",0.3462,1652,797,756,"35535","","3520005","3520",10.4,10,16,9.8,15,7.6,3,NA,8.8,6,0.266,0.385,0.241,1650,185,39.4,38
"369","5350291.02","CT","0291.02",1.1464,4881,2038,1930,"35535","","3520005","3520",14.4,12.8,15,12.7,20.6,8.5,5.6,9,10.3,5.4,0.31,0.468,0.277,4880,1015,44.2,45.2
"370","5350291.03","CT","0291.03",0.4174,2721,1154,1103,"35535","","3520005","3520",13.5,15.2,19,12.7,14.8,8.2,9,12,9.2,4,0.29,0.438,0.26,2725,480,42.4,41.2
"371","5350291.04","CT","0291.04",0.5131,1572,685,649,"35535","","3520005","3520",13.5,16.5,18,12.2,15.6,7.7,8,8,8.8,3,0.297,0.451,0.266,1575,270,42.8,43.2
"372","5350292.00","CT","0292.00",3.7345,8580,2936,2790,"35535","","3520005","3520",14.1,21.7,25,11.7,12,8.4,8.8,11.6,9,3.8,0.283,0.447,0.255,8580,860,36.4,36
"373","5350293.00","CT","0293.00",2.0084,6808,2410,2326,"35535","","3520005","3520",9,12.9,12.4,7.5,11,5.9,6.3,6,5.9,5.4,0.285,0.411,0.254,6810,980,40.4,40
"374","5350294.01","CT","0294.01",0.8618,4177,1580,1527,"35535","","3520005","3520",13.2,19.4,23,11.7,11.2,6.4,6.4,8,7.2,3.4,0.306,0.473,0.273,4175,720,41.3,40.8
"375","5350294.02","CT","0294.02",1.0199,4449,1442,1387,"35535","","3520005","3520",7.4,11.4,11,5.7,9.6,5,6.2,7,5.4,2.4,0.251,0.403,0.227,4450,825,42.8,43.2
"376","5350295.00","CT","0295.00",1.0854,5481,2030,1953,"35535","","3520005","3520",10.1,14.2,14.8,8.6,11.4,6.1,6.4,6.4,6.9,2.6,0.28,0.416,0.252,5480,870,40.9,40.8
"377","5350296.00","CT","0296.00",4.6465,1744,689,653,"35535","","3520005","3520",10.1,13.2,18,9,12,7,6,8,7.3,8,0.319,0.417,0.284,1745,70,32.5,32
"378","5350297.01","CT","0297.01",1.1337,7239,3069,2925,"35535","","3520005","3520",12.9,10.6,8.5,8.5,30,7.8,6.4,4,8,8.6,0.354,0.478,0.31,7240,1445,44.1,43.6
"379","5350297.02","CT","0297.02",1.5096,6646,2684,2547,"35535","","3520005","3520",10.3,8.6,8,8.8,17.2,6.6,5.8,5.2,7.4,5.2,0.405,0.501,0.352,6645,1215,41.7,42
"380","5350298.00","CT","0298.00",2.2618,4561,1612,1532,"35535","","3520005","3520",7.9,7.6,6,7,13.2,4.9,5.4,3,4.8,4.8,0.566,0.622,0.516,4560,575,38.9,40.8
"381","5350299.01","CT","0299.01",2.8825,6289,2375,2237,"35535","","3520005","3520",8.3,8.2,12.4,8.6,7.6,6.5,4.8,6.8,7.7,3.6,0.447,0.522,0.376,6290,990,41.1,41.6
"382","5350299.02","CT","0299.02",0.1593,5130,3025,2786,"35535","","3520005","3520",19.4,16,16,20.4,17.2,15.5,11.6,12,18.2,7,0.394,0.474,0.356,5130,920,41.8,36.8
"383","5350300.01","CT","0300.01",0.1208,3850,2404,2141,"35535","","3520005","3520",26.8,29.2,23,25.3,39.5,21.4,21,18,21.7,20,0.446,0.526,0.403,3850,315,36.3,32.8
"384","5350300.02","CT","0300.02",0.2063,7505,4136,3889,"35535","","3520005","3520",17.4,18.8,14.8,16.6,22.8,12.2,10.4,6.4,12.5,11.6,0.384,0.458,0.342,7505,655,37.5,35.6
"385","5350300.03","CT","0300.03",0.7065,2448,1024,969,"35535","","3520005","3520",9.2,7.2,6,9.2,11.6,7.7,6.4,4,9,4,0.377,0.46,0.321,2445,410,41.5,42.4
"386","5350301.01","CT","0301.01",0.8978,2863,1085,1053,"35535","","3520005","3520",9.6,12,13,9.8,6.8,5.8,5.2,4,6.8,3.6,0.411,0.5,0.352,2860,525,42,42
"387","5350301.03","CT","0301.03",0.2736,8324,3779,3496,"35535","","3520005","3520",18.8,19.4,19.2,17.5,31,14.8,11,11.2,16,12.8,0.321,0.426,0.294,8325,610,33.9,31.6
"388","5350301.04","CT","0301.04",1.4262,8766,4256,3962,"35535","","3520005","3520",18.1,22.4,17.6,16.6,23.6,14.4,14.8,10.8,15,8,0.331,0.442,0.301,8770,730,35.4,32.4
"389","5350302.01","CT","0302.01",1.2292,6114,2409,2344,"35535","","3520005","3520",9.3,11.4,11,7.7,12.2,6.7,7.6,7,7.3,4.8,0.321,0.436,0.282,6115,1535,46.4,48.4
"390","5350302.02","CT","0302.02",1.0839,5867,2068,1993,"35535","","3520005","3520",9.8,11.6,11,8.8,11.6,8.4,6.2,8,10.1,4.6,0.302,0.435,0.271,5865,1130,43,42.8
"391","5350302.03","CT","0302.03",0.6939,3267,1187,1105,"35535","","3520005","3520",11.4,14,9,10.3,13.2,10.8,9.2,6,12.8,5.6,0.289,0.424,0.262,3265,685,43.8,42.8
"392","5350303.00","CT","0303.00",1.0633,6080,2470,2288,"35535","","3520005","3520",16.4,19,18.5,14.8,22,11.9,10,8.5,12.7,10,0.31,0.46,0.278,6080,720,38.1,35.2
"393","5350304.01","CT","0304.01",0.2493,4404,1619,1573,"35535","","3520005","3520",14.5,18,17,12.6,19.2,8.7,7.2,6.8,9.5,6.8,0.277,0.444,0.248,4400,455,37.2,36.4
"394","5350304.02","CT","0304.02",1.2122,4595,1884,1815,"35535","","3520005","3520",9.3,9.6,11,8.6,11,7.1,6.6,7,7.8,5.6,0.346,0.432,0.304,4595,1295,48,48.8
"395","5350304.03","CT","0304.03",0.9843,2484,868,850,"35535","","3520005","3520",9.5,10,8,8.8,11.2,7.4,6.8,8,8.8,3.6,0.316,0.42,0.278,2480,535,44.1,45.6
"396","5350304.04","CT","0304.04",0.2344,3482,1412,1323,"35535","","3520005","3520",16.4,21.6,21,13.8,22,10.7,13.2,13,10.8,6,0.284,0.425,0.257,3485,425,38.4,37.2
"397","5350304.05","CT","0304.05",0.703,2686,1111,1069,"35535","","3520005","3520",10.9,15.6,16,11.5,8.4,8.8,10,NA,11.7,4,0.352,0.464,0.304,2685,955,51.1,54
"398","5350304.06","CT","0304.06",0.7489,5725,2232,2168,"35535","","3520005","3520",12.4,13.6,13,10.6,16.6,8.6,9.6,7.6,9.4,5.8,0.331,0.447,0.29,5725,1265,44.2,44.4
"399","5350305.01","CT","0305.01",2.4076,4421,1674,1599,"35535","","3520005","3520",11.2,12.8,15,11.5,9.4,8.2,10.8,12,9.1,4.6,0.418,0.484,0.367,4420,1150,46.9,50
"400","5350305.03","CT","0305.03",0.7113,4766,2300,2126,"35535","","3520005","3520",15.2,17.6,22,15,14,10,10.8,11,11.5,4.8,0.41,0.511,0.356,4765,965,43.4,42.4
"401","5350305.05","CT","0305.05",0.3747,6580,3689,3431,"35535","","3520005","3520",18.1,20.4,18,15.8,26.6,12.4,15.6,14.4,11.9,12.4,0.364,0.459,0.327,6580,1310,44,39.6
"402","5350305.06","CT","0305.06",0.6291,4366,2775,2452,"35535","","3520005","3520",24.5,24.4,16,23.8,33,18.4,15.2,10,18.8,17.5,0.39,0.47,0.358,4365,295,35.1,32
"403","5350306.01","CT","0306.01",1.1721,4612,1601,1508,"35535","","3520005","3520",18.5,25.8,23,17.8,12.8,13.1,13.8,11,14.8,6,0.457,0.568,0.394,4615,775,41,40.8
"404","5350306.02","CT","0306.02",1.1185,4686,1846,1722,"35535","","3520005","3520",14.8,17.6,15,14.8,12.6,11.6,13.4,11,12.6,6.2,0.464,0.534,0.403,4690,895,42.3,42
"405","5350307.03","CT","0307.03",0.1101,4957,2546,2336,"35535","","3520005","3520",25,27.6,18,23.1,30.8,18.9,22.8,17,19.5,13.2,0.417,0.516,0.374,4955,850,41.8,39.2
"406","5350307.04","CT","0307.04",0.153,6919,3889,3386,"35535","","3520005","3520",20,20.2,13.6,19.5,21.6,14.4,14.6,9.5,15.8,8.4,0.398,0.491,0.356,6920,1240,42.2,38.4
"407","5350307.05","CT","0307.05",0.1046,3365,2032,1870,"35535","","3520005","3520",22.9,19,16,20.8,40,16.2,13,9,16.4,18,0.367,0.469,0.334,3365,390,39.3,35.6
"408","5350307.06","CT","0307.06",0.1042,5057,2412,2250,"35535","","3520005","3520",23.1,23.8,22,21,31.4,16.1,18.4,17,16.4,12.8,0.393,0.494,0.351,5055,930,42.5,40
"409","5350307.07","CT","0307.07",1.2246,6216,2569,2381,"35535","","3520005","3520",17.3,17.8,19,17.1,17.8,12.5,11.8,12,13.9,8,0.41,0.501,0.365,6220,1095,41.8,40
"410","5350308.02","CT","0308.02",1.4247,4327,1680,1573,"35535","","3520005","3520",12.1,11.4,15,11.7,14,9.4,8.4,11,11.1,4.8,0.412,0.506,0.361,4330,860,43.5,45.2
"411","5350308.03","CT","0308.03",0.3967,1115,411,383,"35535","","3520005","3520",6.8,4,NA,6.8,10,4.8,3,NA,6.4,NA,0.408,0.477,0.347,1115,200,42.5,45.6
"412","5350308.05","CT","0308.05",0.7395,2386,894,856,"35535","","3520005","3520",11.5,12.4,12,12.2,8.8,9,6.8,6,11,4,0.459,0.543,0.402,2390,460,43.3,43.6
"413","5350308.06","CT","0308.06",0.1911,5585,3016,2848,"35535","","3520005","3520",24.5,21.6,17.5,21,36.4,15.1,13.6,9.5,16.4,11.8,0.403,0.518,0.36,5585,1360,44.6,38.8
"414","5350308.07","CT","0308.07",0.1545,3797,2360,2170,"35535","","3520005","3520",28.8,23,17,23.1,51.4,18.8,15.6,10,19.3,18,0.413,0.532,0.37,3800,770,43,36.8
"415","5350309.00","CT","0309.00",0.7366,6361,2442,2294,"35535","","3520005","3520",12.7,13,11.2,10.5,23,7.8,7.5,4.5,7.7,8.4,0.309,0.458,0.271,6360,1005,41.4,41.6
"416","5350310.01","CT","0310.01",1.4131,3609,1275,1215,"35535","","3520005","3520",7.6,8.4,5,7.7,6.6,6.3,5.2,2.5,7.8,2.8,0.363,0.457,0.316,3605,770,43.5,43.6
"417","5350310.02","CT","0310.02",2.1037,5328,2017,1921,"35535","","3520005","3520",11.9,14.2,11,10.7,14.2,7.8,8.2,7.2,8.4,4.8,0.384,0.5,0.323,5330,785,40.9,41.2
"418","5350311.02","CT","0311.02",0.8905,6010,2312,2217,"35535","","3520005","3520",14.8,18,19,12.9,18.8,9.4,9.8,11,10.6,4.4,0.284,0.448,0.262,6010,1075,42.8,42.8
"419","5350311.03","CT","0311.03",0.8,2672,904,874,"35535","","3520005","3520",9.9,14.4,16,8.8,9.6,5.6,6,8,6.5,2.4,0.283,0.437,0.257,2675,525,43.2,43.2
"420","5350311.04","CT","0311.04",0.9599,6517,2226,2158,"35535","","3520005","3520",9.4,12.4,11.2,8,11.8,5.6,6,4.5,6.1,3.4,0.265,0.424,0.238,6515,1075,41.2,40.8
"421","5350311.05","CT","0311.05",0.3457,6698,2666,2443,"35535","","3520005","3520",13.6,17.8,19.6,11.7,19.6,12.3,8.6,8.8,14,6.2,0.258,0.4,0.235,6700,705,36.2,32
"422","5350311.06","CT","0311.06",10.2352,6660,2996,2655,"35535","","3520005","3520",19,23.4,21,18.4,18.5,20.8,11.2,10,23.2,8.5,0.33,0.458,0.3,6660,515,35,31.2
"423","5350312.02","CT","0312.02",0.5212,3505,1180,1127,"35535","","3520005","3520",12.6,20.8,22,9.4,15.2,8.5,12.4,15,8,5.6,0.266,0.451,0.242,3505,520,40.4,40
"424","5350312.03","CT","0312.03",1.4873,6374,2210,2114,"35535","","3520005","3520",13,21.2,25.6,10.6,11.8,7.8,10.6,11.6,8.1,3.4,0.277,0.458,0.251,6370,1065,41,40.4
"425","5350312.04","CT","0312.04",0.7255,5234,1705,1618,"35535","","3520005","3520",17,24.2,26.8,14.3,17.2,10.5,12,13.6,10.7,7,0.269,0.474,0.245,5235,875,40.1,38.8
"426","5350312.05","CT","0312.05",0.3459,3685,1306,1270,"35535","","3520005","3520",24.1,30,35,20.4,30.4,12.9,12,14.4,13.6,11,0.258,0.524,0.235,3680,350,35,33.2
"427","5350312.06","CT","0312.06",0.4584,3415,1103,1053,"35535","","3520005","3520",13.2,21.6,24,10.8,12,8.1,10.4,12,8.5,3.6,0.274,0.468,0.25,3415,555,40,38.8
"428","5350312.07","CT","0312.07",0.6223,3535,1486,1430,"35535","","3520005","3520",19.2,16,17,10.3,36.4,8.5,7.2,5,8.2,9.8,0.294,0.49,0.268,3535,1090,48.6,51.6
"429","5350313.00","CT","0313.00",2.87,5554,1894,1825,"35535","","3520005","3520",8.5,12,12,6.8,10.8,6.3,7.9,9,6.5,3.4,0.268,0.422,0.24,5555,905,41,40.8
"430","5350314.01","CT","0314.01",0.4281,6275,2356,2267,"35535","","3520005","3520",18,23.2,26,14.6,26.8,10,10,10.8,10.3,8,0.264,0.456,0.24,6280,630,35.3,34
"431","5350314.02","CT","0314.02",1.0903,5130,1666,1585,"35535","","3520005","3520",12.6,16.4,17.5,10.7,15.8,7.8,8.6,9.5,8.1,5.8,0.27,0.432,0.246,5130,875,40.8,39.2
"432","5350315.01","CT","0315.01",1.5036,3267,1207,1109,"35535","","3520005","3520",6.5,9.2,7,5.1,8,4.3,5.2,7,4.4,3.4,0.288,0.422,0.256,3265,815,45.9,46.8
"433","5350315.02","CT","0315.02",0.4279,3365,1137,1060,"35535","","3520005","3520",16.4,24.2,22,12.8,19.6,7.1,8.4,10,7.3,4.4,0.267,0.468,0.239,3365,575,40.2,38.4
"434","5350315.03","CT","0315.03",6.0097,5562,1907,1759,"35535","","3520005","3520",13,19,21,11.1,13.2,8.2,10,11,8.4,5.2,0.278,0.454,0.252,5560,1025,41,39.6
"435","5350316.01","CT","0316.01",1.7746,3970,1277,1215,"35535","","3520005","3520",10,15.8,19,7.7,11.8,6.1,7,12,7.2,2.6,0.264,0.43,0.237,3970,1010,46.2,46.8
"436","5350316.03","CT","0316.03",0.4007,5761,2034,1934,"35535","","3520005","3520",19.9,24.4,26.4,16.9,29,9.2,9.4,9.6,9.2,9.2,0.258,0.489,0.235,5760,565,36.1,35.2
"437","5350316.04","CT","0316.04",0.461,4105,1763,1645,"35535","","3520005","3520",29.8,30,32.5,22.9,55.2,14.8,14.4,16.5,14.9,15,0.277,0.562,0.252,4105,670,39,37.6
"438","5350316.05","CT","0316.05",0.4047,4104,1417,1351,"35535","","3520005","3520",16.2,19.8,20,14,21.6,10.3,12.6,14,9.8,8.8,0.257,0.461,0.235,4105,520,37.6,36.4
"439","5350316.06","CT","0316.06",0.4052,3367,1139,1084,"35535","","3520005","3520",20.5,27.2,29,16.7,26,11.5,14.2,16,11.1,8.5,0.279,0.513,0.254,3370,400,36.2,32.8
"440","5350317.02","CT","0317.02",0.4323,7242,3415,3221,"35535","","3520005","3520",20,15.2,14,12.3,40.1,10.2,7.9,6.8,9.3,13.5,0.3,0.482,0.269,7245,1895,46.6,46.8
"441","5350317.03","CT","0317.03",1.1854,3531,1253,1224,"35535","","3520005","3520",8.4,10.8,12,7.4,10,6.8,6.8,5,8,3.4,0.341,0.457,0.297,3530,785,45,46.4
"442","5350317.04","CT","0317.04",0.7174,6731,2615,2503,"35535","","3520005","3520",11.4,12.4,10.8,8.7,21,6.6,5.4,4,6.8,6.9,0.272,0.43,0.242,6735,1155,41.7,41.2
"443","5350317.05","CT","0317.05",0.4948,2162,830,799,"35535","","3520005","3520",11.1,11,8,8.2,18,7.7,7,NA,8.8,5.2,0.298,0.421,0.268,2165,575,48,50
"444","5350318.01","CT","0318.01",1.415,4762,1806,1704,"35535","","3520005","3520",11.8,15.4,16,11.4,10.8,10.9,10.4,9,12,6.4,0.388,0.5,0.337,4760,805,42.5,41.2
"445","5350318.02","CT","0318.02",0.4914,4137,1939,1802,"35535","","3520005","3520",21.9,21.2,15,21,28.4,17.6,16,14,18.7,11.2,0.373,0.492,0.337,4135,490,39.3,35.2
"446","5350319.00","CT","0319.00",1.2016,4099,1595,1509,"35535","","3520005","3520",15.8,16.4,19,14.8,18.8,12.2,11.2,13,13.3,9.2,0.38,0.512,0.337,4100,785,44.4,45.2
"447","5350320.01","CT","0320.01",0.7368,5178,2111,2020,"35535","","3520005","3520",16.8,13.2,11,12.5,32,10.5,7.6,6,12.3,7.4,0.331,0.512,0.29,5175,1210,45.5,45.6
"448","5350320.02","CT","0320.02",0.8528,5802,2123,2055,"35535","","3520005","3520",11.9,10.4,10,10.1,19,7.8,5,4.5,8.6,7.1,0.285,0.422,0.254,5800,1145,44.2,44.8
"449","5350321.01","CT","0321.01",1.2567,3808,1359,1282,"35535","","3520005","3520",13.6,14,12,14.4,11.4,10.9,11.2,10,12.5,6,0.424,0.536,0.365,3810,855,45.2,46.4
"450","5350321.02","CT","0321.02",1.2172,3879,1541,1442,"35535","","3520005","3520",14.6,16.4,19,14.8,12.8,11.7,12.4,13,13.2,6.2,0.402,0.51,0.354,3880,775,44.2,44.4
"451","5350322.01","CT","0322.01",0.2081,4495,2366,2192,"35535","","3520005","3520",22.3,24.8,17,20.2,31,16.4,17.2,12,17.1,12.4,0.377,0.488,0.339,4495,645,40.5,36
"452","5350322.02","CT","0322.02",1.4061,3814,1326,1249,"35535","","3520005","3520",19.9,22,26,14,32.8,15.2,18,18,16.6,10.6,0.464,0.584,0.402,3815,1425,52.8,54.8
"453","5350323.01","CT","0323.01",1.0347,4274,1903,1813,"35535","","3520005","3520",11.9,11.2,12,12.4,11.2,7.8,6.4,5,9.4,5,0.376,0.487,0.328,4275,1095,46.5,48
"454","5350323.02","CT","0323.02",1.8295,4950,1936,1828,"35535","","3520005","3520",10.2,9.6,12,10.6,9.9,6.7,6.4,5,8.7,3.6,0.404,0.503,0.347,4950,2000,54.4,58.4
"455","5350324.01","CT","0324.01",1.1843,3275,1195,1114,"35535","","3520005","3520",14.3,24.8,24,13.8,6.8,9.8,12.8,10,10.9,4.4,0.366,0.503,0.321,3275,700,43.1,43.2
"456","5350324.02","CT","0324.02",1.8907,5925,2252,2163,"35535","","3520005","3520",16.6,22.2,19,15.4,16.4,11.7,12.6,13,13.1,7.4,0.373,0.504,0.331,5925,1295,44.5,46.4
"457","5350324.03","CT","0324.03",2.1668,3671,1754,1673,"35535","","3520005","3520",16.9,11.6,5,11.6,22.7,9.4,8,5,11.8,7.3,0.381,0.502,0.333,3675,1745,56.4,62.8
"458","5350324.05","CT","0324.05",0.6557,3336,1411,1375,"35535","","3520005","3520",19.2,7.6,6,7.6,44.6,8.5,4.8,NA,7.2,12.4,0.348,0.474,0.311,3335,1040,48.9,51.2
"459","5350324.06","CT","0324.06",0.6561,3442,1200,1171,"35535","","3520005","3520",9,8.4,10,8,13.2,5.1,3.6,6,5.4,6,0.286,0.391,0.254,3440,620,42.1,43.6
"460","5350330.00","CT","0330.00",2.2367,4252,1759,1708,"35535","","3520005","3520",5.8,5.8,5,5.5,6.2,4.1,3.8,4,5.3,1.9,0.308,0.407,0.267,4255,1150,47,49.6
"461","5350331.01","CT","0331.01",1.574,5545,2294,2223,"35535","","3520005","3520",5.8,7.8,6,5.3,5.4,3.8,4.8,3.6,4.2,2.2,0.324,0.427,0.28,5545,1515,47.2,49.6
"462","5350331.03","CT","0331.03",0.5097,6065,1931,1852,"35535","","3520005","3520",18.5,23.4,23.6,15.3,26.4,9.4,10,11.2,9.2,10,0.276,0.51,0.247,6065,500,33.9,32
"463","5350331.04","CT","0331.04",1.1055,3372,1400,1341,"35535","","3520005","3520",7.8,8.5,8,7.1,9.6,5.4,4.4,4,6.2,3.8,0.35,0.46,0.297,3370,820,46.4,48
"464","5350332.00","CT","0332.00",1.53,7337,2902,2761,"35535","","3520005","3520",20.1,24.7,26.8,18,22.6,12.3,13.9,16,13.3,5.8,0.358,0.563,0.312,7335,1195,40.5,40.4
"465","5350333.00","CT","0333.00",2.4472,4717,1711,1632,"35535","","3520005","3520",7.1,8.8,11,6.4,8,5.9,5.8,6,6.8,3,0.349,0.461,0.296,4715,850,42.2,43.2
"466","5350334.00","CT","0334.00",2.448,3610,1359,1285,"35535","","3520005","3520",8.4,10.4,9,8.4,5.2,5.5,5.6,3,6.3,2.4,0.384,0.468,0.328,3610,615,41.8,44.4
"467","5350335.00","CT","0335.00",2.2299,7857,3091,2960,"35535","","3520005","3520",14.2,14.6,12.8,10.9,24.3,7.9,7.8,6.4,8.3,6.6,0.316,0.477,0.28,7860,1500,42.3,43.2
"468","5350336.00","CT","0336.00",1.6111,6901,2573,2440,"35535","","3520005","3520",7.4,7.2,6,6.9,9.8,5.5,3,3.2,6.6,3.6,0.292,0.42,0.257,6900,1125,42,42.4
"469","5350337.01","CT","0337.01",0.2017,1177,630,564,"35535","","3520005","3520",19.2,27,28,17.6,18,10.8,12,8,11.6,4,0.353,0.506,0.311,1175,140,38.8,36.4
"470","5350337.02","CT","0337.02",0.6467,2008,884,841,"35535","","3520005","3520",17.4,18.5,19,16,20,11.1,12,10,12.4,6,0.403,0.549,0.352,2010,505,46.3,48.4
"471","5350338.00","CT","0338.00",1.6845,6092,2811,2679,"35535","","3520005","3520",11.5,6.8,8,12.6,12,8,3,2.8,10.4,4.4,0.376,0.47,0.323,6090,1115,43.4,45.6
"472","5350339.00","CT","0339.00",1.8174,6937,3257,3093,"35535","","3520005","3520",7.4,5.4,4.5,7.3,9.8,4.7,2.6,2.5,5.7,3.7,0.447,0.518,0.376,6935,1495,44.4,46.8
"473","5350340.00","CT","0340.00",1.2679,6931,2577,2456,"35535","","3520005","3520",15.8,23.4,25.2,13.8,12.6,10.1,12.3,13.2,10.4,4.8,0.34,0.5,0.3,6935,860,38.2,37.6
"474","5350341.02","CT","0341.02",0.8044,4576,1924,1791,"35535","","3520005","3520",16.7,18.8,16,13,28.2,10.2,8.4,8,11,9.6,0.308,0.505,0.273,4575,985,44,43.2
"475","5350341.03","CT","0341.03",0.4,3185,1238,1165,"35535","","3520005","3520",34.6,38.6,41,30.5,56,17.1,16,18,17.4,19,0.264,0.589,0.242,3185,200,33.3,33.6
"476","5350341.04","CT","0341.04",0.671,6152,2493,2359,"35535","","3520005","3520",20.3,22.6,22.8,18.2,28,13.2,10.4,10.8,14.6,10,0.31,0.532,0.278,6155,700,37.7,36.4
"477","5350342.00","CT","0342.00",1.2368,7329,2438,2368,"35535","","3520005","3520",10.3,15,16,8.5,12.4,6.1,6.1,8,6.4,4.4,0.28,0.425,0.249,7330,930,39.4,39.2
"478","5350343.00","CT","0343.00",1.1126,4260,1650,1549,"35535","","3520005","3520",14.8,22.8,26,12.2,15.8,9.4,12,14,9.8,5.2,0.293,0.461,0.264,4260,725,41.5,41.2
"479","5350344.01","CT","0344.01",1.0624,5183,1973,1841,"35535","","3520005","3520",13.5,12.6,14.4,9.8,26.4,9.1,6.4,7.2,10.5,6.6,0.278,0.441,0.253,5185,990,42.5,41.6
"480","5350344.02","CT","0344.02",0.2228,3301,1842,1773,"35535","","3520005","3520",31.9,33.6,33,30.4,35.2,17.9,17.2,14,21.3,8.4,0.33,0.581,0.297,3305,690,45.2,49.2
"481","5350345.00","CT","0345.00",0.7893,4042,1449,1360,"35535","","3520005","3520",10.1,14,12,8.7,11.6,7.6,8.8,7,8.2,4,0.278,0.418,0.251,4040,650,41.4,41.2
"482","5350346.01","CT","0346.01",1.5133,4630,1707,1612,"35535","","3520005","3520",16.2,22.2,21,13.3,20.8,9.2,9.2,11,9.6,6.8,0.292,0.474,0.261,4630,575,38.3,38
"483","5350346.02","CT","0346.02",0.4,5323,2030,1959,"35535","","3520005","3520",13.5,16.2,16,10.4,25.8,6.8,7,6.8,7.1,5.2,0.265,0.42,0.239,5325,640,37.9,37.2
"484","5350347.00","CT","0347.00",1.4992,3390,1109,1080,"35535","","3520005","3520",8.2,13.4,12,6.8,7.2,5,4.8,4,5.7,2,0.268,0.374,0.24,3390,355,37.7,37.2
"485","5350348.00","CT","0348.00",2.3159,5780,2020,1947,"35535","","3520005","3520",6.6,8.4,7.6,6.3,6.2,4.5,3,1.6,5.4,2.4,0.271,0.381,0.24,5780,1350,45.7,46
"486","5350349.00","CT","0349.00",0.8762,5633,2350,2220,"35535","","3520005","3520",15.1,18.2,22.8,13.1,20.8,9.7,10.8,14,10.1,6,0.296,0.471,0.265,5630,775,39.9,39.2
"487","5350350.00","CT","0350.00",3.361,5228,2046,1944,"35535","","3520005","3520",12.3,15.2,14,10.4,16,8.5,7.6,9.5,10,4.4,0.302,0.446,0.27,5230,1020,43,43.6
"488","5350351.01","CT","0351.01",0.9749,5376,2119,1993,"35535","","3520005","3520",14,18,21,11.9,17,8.6,8.4,10,9.6,5.4,0.29,0.451,0.262,5380,990,41.5,40
"489","5350351.02","CT","0351.02",0.5669,2683,1074,1013,"35535","","3520005","3520",13.6,20,19,11.8,14,8.5,7.6,7,9.6,5.6,0.285,0.446,0.254,2680,470,42,41.6
"490","5350352.00","CT","0352.00",1.1268,5278,1917,1829,"35535","","3520005","3520",9.8,12.4,16.5,7.7,15.8,6.5,5.6,8,7.1,5.2,0.266,0.418,0.239,5275,975,42.5,41.6
"491","5350353.02","CT","0353.02",1.2111,5464,1717,1641,"35535","","3520005","3520",9,13.6,17,7.1,10.8,5,4.6,5,5.6,3.2,0.266,0.422,0.239,5465,845,39.9,38.8
"492","5350353.03","CT","0353.03",0.4081,3000,1094,1044,"35535","","3520005","3520",9.2,8.8,12,8,13.6,6.9,4,6,8.3,4.4,0.278,0.419,0.25,3000,540,41.8,40.8
"493","5350353.04","CT","0353.04",0.6296,4255,1637,1531,"35535","","3520005","3520",17.6,26,26,14.3,19.6,9.4,10.2,11,9.9,6.2,0.288,0.487,0.258,4255,640,39.9,39.2
"494","5350354.00","CT","0354.00",1.3228,5421,1847,1716,"35535","","3520005","3520",10.4,14.6,12,9.4,10.4,7.9,6.4,5,9.4,4,0.288,0.43,0.259,5420,1050,42.5,41.2
"495","5350355.02","CT","0355.02",1.1008,5097,1975,1897,"35535","","3520005","3520",12,17.2,18.5,9.5,15.7,6.4,7.4,9.5,6.7,4.8,0.29,0.447,0.26,5095,1050,43.1,43.2
"496","5350355.04","CT","0355.04",0.5752,5152,1803,1741,"35535","","3520005","3520",12.3,18.2,20,8.9,19.2,7.1,9,11,6.9,4.8,0.264,0.448,0.236,5150,880,40.6,39.2
"497","5350355.05","CT","0355.05",0.3124,3525,1488,1395,"35535","","3520005","3520",16.6,18.8,22,12.9,28.4,8.2,7.4,8.5,8.3,8.8,0.268,0.458,0.241,3525,525,38.9,38
"498","5350355.06","CT","0355.06",0.1918,1791,610,586,"35535","","3520005","3520",19.8,25.2,32,16.8,25,12.7,16.5,24,12,7,0.308,0.5,0.278,1790,175,35.5,33.6
"499","5350356.00","CT","0356.00",1.5419,4962,1599,1515,"35535","","3520005","3520",6.6,7.8,8.5,5.9,7.6,5.6,3.8,4,6.9,3.2,0.258,0.392,0.23,4960,1065,43.6,43.6
"500","5350357.01","CT","0357.01",1.0372,6706,2480,2351,"35535","","3520005","3520",24.2,26.1,26,17,44.4,9.9,10,10.4,9.7,10.4,0.276,0.511,0.25,6705,1220,38.9,36.4
"501","5350357.02","CT","0357.02",1.0921,5001,1775,1704,"35535","","3520005","3520",25.1,33.6,37.5,21.8,21.2,15.1,19.2,23.2,14.8,6.6,0.321,0.572,0.29,5005,600,35.9,33.6
"502","5350358.01","CT","0358.01",1.1212,3504,1181,1116,"35535","","3520005","3520",7.8,12.4,13,6.7,7,6,5.2,4,7.5,2,0.28,0.428,0.248,3505,660,41.7,40.8
"503","5350358.02","CT","0358.02",0.6179,5280,2151,2042,"35535","","3520005","3520",18.6,22.2,23,16.1,23.4,10.7,10.6,11,11.6,7.2,0.302,0.495,0.274,5280,880,40.2,39.2
"504","5350358.03","CT","0358.03",1.0926,5718,2298,2209,"35535","","3520005","3520",20.8,21,23,19.4,27,13.8,10.4,11,15.9,8.8,0.308,0.501,0.28,5720,805,40,40.4
"505","5350359.00","CT","0359.00",2.2076,7681,2947,2760,"35535","","3520005","3520",19,25.8,30.8,16,23,10.8,10,12,12,6.8,0.306,0.502,0.276,7680,1200,39.8,38
"506","5350360.00","CT","0360.00",4.5229,6231,2126,2049,"35535","","3520005","3520",6.4,9.4,8,5.4,7.2,4.4,4.6,4,4.9,2.6,0.275,0.39,0.243,6235,1085,41.9,42
"507","5350361.01","CT","0361.01",2.9344,6037,2023,1972,"35535","","3520005","3520",4.2,5.4,5,3.8,4.4,3.7,2.6,3,4.3,2.8,0.326,0.412,0.279,6035,1405,44.2,46.4
"508","5350361.02","CT","0361.02",2.4706,7416,2490,2449,"35535","","3520005","3520",4,6,6.4,3.3,4.4,2.3,2.9,1.6,2.4,1.4,0.261,0.342,0.227,7415,1380,42.1,43.2
"509","5350362.01","CT","0362.01",2.4932,6291,2145,2085,"35535","","3520005","3520",8.4,12.4,12.4,7,9.4,4.8,6.4,7.6,5.2,1.7,0.302,0.429,0.266,6290,1265,42.4,42.4
"510","5350362.02","CT","0362.02",1.9403,5803,1765,1696,"35535","","3520005","3520",5.2,9.2,13,4.8,3.6,5.5,4.8,6,6.9,1.8,0.286,0.396,0.25,5800,1195,43.2,43.2
"511","5350362.03","CT","0362.03",3.2757,6875,2200,2098,"35535","","3520005","3520",7.8,11.2,11,7.9,5.8,7.2,5.6,6,9.4,2.6,0.282,0.402,0.251,6875,1680,44.8,45.6
"512","5350362.04","CT","0362.04",1.3474,5240,1918,1839,"35535","","3520005","3520",7.7,13,12,6.1,8.4,4.7,5.6,5,5.3,2.6,0.263,0.395,0.236,5240,1365,45.8,46
"513","5350363.02","CT","0363.02",1.1895,3270,1126,1089,"35535","","3520005","3520",6.9,10,13,5.3,8.4,5,4.8,5,5.6,3.2,0.281,0.414,0.249,3270,675,43.3,43.2
"514","5350363.04","CT","0363.04",1.1258,3908,1172,1150,"35535","","3520005","3520",6.4,9.2,13,5.5,6.6,4.1,2.4,3,5,2,0.268,0.391,0.239,3910,645,40.9,40
"515","5350363.05","CT","0363.05",0.5046,4665,1779,1695,"35535","","3520005","3520",23.7,30.7,27.2,20.5,27.2,14.4,13.9,12.4,15.8,6.8,0.294,0.508,0.269,4665,470,34.8,32.4
"516","5350363.06","CT","0363.06",0.821,7176,3441,3267,"35535","","3520005","3520",16.7,19.2,15.2,14,27,10.5,10.2,9.2,11,8.4,0.301,0.428,0.271,7180,1090,40.3,37.2
"517","5350363.07","CT","0363.07",2.2422,5164,2011,1934,"35535","","3520005","3520",25.4,27,29.6,22.8,36,14.5,11.2,11,16.7,8.8,0.311,0.537,0.282,5165,665,37.6,35.2
"518","5350364.01","CT","0364.01",2.863,5865,2029,1942,"35535","","3520005","3520",11.2,15.4,20,8.4,16,7.6,8,12,8.8,3.4,0.278,0.428,0.25,5870,1105,41.7,40.8
"519","5350364.02","CT","0364.02",0.7384,3110,999,951,"35535","","3520005","3520",9.1,12.4,14,8.2,9.2,7.2,7.2,8,8.2,4,0.269,0.401,0.243,3110,605,42.6,42
"520","5350365.00","CT","0365.00",1.5674,7650,2450,2328,"35535","","3520005","3520",10.8,14.2,14.4,10,10.4,10.5,9.8,9.6,11.8,4.8,0.271,0.401,0.247,7650,1070,38.6,34.8
"521","5350366.00","CT","0366.00",1.4384,6228,2157,2080,"35535","","3520005","3520",12.9,17.6,21,11,15.1,9.1,10.4,11,10.1,3.9,0.278,0.427,0.251,6230,1070,41.2,40.4
"522","5350367.01","CT","0367.01",0.7132,4534,1394,1353,"35535","","3520005","3520",13.3,19.6,18.5,11.2,12.8,8.6,7.2,6,9.5,5.2,0.294,0.461,0.262,4530,490,36.6,34
"523","5350367.02","CT","0367.02",1.0307,3560,1222,1170,"35535","","3520005","3520",7.4,10.4,15,6.7,6.6,6.3,6,7,7.7,2.4,0.276,0.403,0.246,3560,765,43.4,43.2
"524","5350368.01","CT","0368.01",0.8885,6624,3770,3438,"35535","","3520005","3520",23.4,19.2,19,23.7,25,17.2,10.8,11.6,19.9,9.6,0.359,0.469,0.329,6620,1085,40.4,36
"525","5350368.02","CT","0368.02",1.5627,4365,1621,1563,"35535","","3520005","3520",13.2,10,17,6.6,28,7.6,6.8,10,8.5,6.2,0.297,0.454,0.264,4365,1390,49.2,51.2
"526","5350369.00","CT","0369.00",2.4493,8145,2489,2415,"35535","","3520005","3520",13.6,21.7,21.6,10.9,12.2,6.8,8.4,9.6,7,3.4,0.3,0.472,0.266,8145,1160,38.1,36.4
"527","5350370.01","CT","0370.01",1.7559,9656,3795,3680,"35535","","3520005","3520",17,21.4,23.2,13.7,25.4,9.3,10.9,12.4,9.1,7.8,0.291,0.474,0.261,9660,1620,41.2,40.8
"528","5350370.02","CT","0370.02",2.2738,5574,1885,1833,"35535","","3520005","3520",11.6,15,16.5,9.4,16.8,8.2,7.4,9,8.8,6.4,0.271,0.416,0.244,5575,995,41.7,40.4
"529","5350370.03","CT","0370.03",0.8572,4262,1446,1377,"35535","","3520005","3520",9.6,15.4,17,8,9.2,5.8,5,5,6.7,3.2,0.269,0.406,0.242,4265,640,40.7,40.8
"530","5350371.00","CT","0371.00",3.7241,8463,3020,2890,"35535","","3520005","3520",10.9,15.2,16.5,9.4,12,7.2,7.4,8.8,7.6,4.8,0.295,0.433,0.263,8460,1525,42.2,40.8
"531","5350372.00","CT","0372.00",1.3179,4333,1514,1442,"35535","","3520005","3520",7,10,9,6.1,7.6,5.1,4.4,4,6.2,1.8,0.274,0.4,0.244,4330,855,43.7,44.8
"532","5350373.00","CT","0373.00",0.9586,4934,1874,1767,"35535","","3520005","3520",11.9,14.8,14,10.4,15,7.6,7.8,6,8.4,3.8,0.283,0.424,0.252,4935,805,41.2,40.4
"533","5350374.01","CT","0374.01",1.1867,5150,1937,1799,"35535","","3520005","3520",9.5,12,12,8.5,11.4,6.6,6,7,7.5,3.4,0.284,0.411,0.254,5150,870,42.4,42.4
"534","5350374.02","CT","0374.02",0.8023,3171,1084,1066,"35535","","3520005","3520",9.6,11.6,12,8.4,11.6,6.6,6.4,4,7.7,3.6,0.284,0.42,0.257,3175,710,45,45.6
"535","5350374.03","CT","0374.03",0.808,4053,1700,1607,"35535","","3520005","3520",18.4,15.6,14,9.8,41.4,8.8,6.8,6,8.9,10,0.318,0.493,0.284,4055,995,46,46.8
"536","5350375.01","CT","0375.01",0.9531,6266,2799,2723,"35535","","3520005","3520",23,24.6,24,15.1,38.5,10.9,14.2,13,10.7,9.6,0.354,0.557,0.313,6265,1740,47.3,49.6
"537","5350375.02","CT","0375.02",0.6138,1887,695,675,"35535","","3520005","3520",5.2,4.5,NA,4.2,8,5.2,4.5,NA,6.2,2.8,0.343,0.438,0.301,1885,440,45.2,48.4
"538","5350375.03","CT","0375.03",0.8111,5221,1908,1847,"35535","","3520005","3520",16.1,18.8,19,13.7,22.4,9.3,8.6,8,10.2,7,0.314,0.494,0.28,5220,855,40.1,38.4
"539","5350375.04","CT","0375.04",0.9213,5785,1934,1882,"35535","","3520005","3520",10.3,11,9.5,9.4,13,7.4,7.2,6,8.3,4,0.291,0.425,0.262,5785,1040,42.6,42.8
"540","5350375.05","CT","0375.05",1.1294,6915,2768,2684,"35535","","3520005","3520",13.6,13,17.5,8.4,27.1,6.5,5.6,7.6,6.1,8,0.338,0.475,0.297,6915,1625,45.7,47.2
"541","5350376.01","CT","0376.01",1.046,5025,1653,1598,"35535","","3520005","3520",17.6,24.6,25,15.5,17.6,11.4,12.8,15,12.1,7,0.332,0.521,0.298,5025,895,41.3,40.4
"542","5350376.02","CT","0376.02",0.8583,4667,1639,1566,"35535","","3520005","3520",14,15,13,11.7,20.6,8.5,6.8,7,9.2,7.6,0.284,0.468,0.256,4670,875,42.2,42.4
"543","5350376.04","CT","0376.04",1.1941,5296,2030,1927,"35535","","3520005","3520",14.6,13.2,16,10.6,23.1,8.2,5.4,7,8.4,9,0.321,0.472,0.286,5300,1640,48.5,50.8
"544","5350376.05","CT","0376.05",1.2908,6299,2043,1979,"35535","","3520005","3520",14.5,14.8,16,12.5,19.2,12.7,11,11,15.7,6.3,0.315,0.488,0.284,6295,1540,45.8,46.8
"545","5350376.06","CT","0376.06",2.1919,428,252,222,"35535","","3520005","3520",45,NA,NA,40,45,14,NA,NA,25,13,0.348,0.66,0.316,430,395,82.4,85
"546","5350376.08","CT","0376.08",0.8788,6056,2222,2157,"35535","","3520005","3520",13,13.8,14,11,16.8,7.8,6.4,4.5,8.9,5.9,0.293,0.451,0.263,6055,1575,46.3,47.6
"547","5350376.09","CT","0376.09",0.801,4250,1639,1582,"35535","","3520005","3520",16.7,15.4,14,13.1,24.2,10.4,8.8,8,11.2,9.4,0.319,0.478,0.286,4250,1245,48.7,51.2
"548","5350376.11","CT","0376.11",0.4704,3313,1053,1021,"35535","","3520005","3520",15.8,25.6,27,12.7,14.4,8,10,11,8.1,5.2,0.276,0.475,0.248,3315,490,39.4,38.4
"549","5350376.12","CT","0376.12",0.9122,5081,1921,1867,"35535","","3520005","3520",9.8,10.4,12,8.1,13,5.8,5.2,5,6.4,4.8,0.304,0.447,0.268,5080,1470,48.5,51.6
"550","5350376.13","CT","0376.13",0.511,3626,1379,1327,"35535","","3520005","3520",17.8,18.8,22,13.1,25.2,9,12.4,8,9.2,7.4,0.317,0.494,0.282,3625,1175,49.6,52.4
"551","5350376.14","CT","0376.14",0.7362,3472,1078,1049,"35535","","3520005","3520",10.2,10.8,10,9.1,12.8,9.4,8.8,5,10.7,6.2,0.304,0.468,0.272,3475,780,44.5,46.4
"552","5350376.15","CT","0376.15",0.9131,3560,1572,1508,"35535","","3520005","3520",17.9,11,16,13.8,24.8,9.6,8.5,8,11,8.2,0.374,0.522,0.331,3560,1420,54.5,59.2
"553","5350376.16","CT","0376.16",0.2715,4484,1959,1846,"35535","","3520005","3520",19.3,19,22,16.6,27.2,10.6,9.8,12,11.4,9,0.29,0.483,0.26,4485,1175,44.6,40.4
"554","5350377.02","CT","0377.02",1.906,4356,1466,1384,"35535","","3520005","3520",11.8,14,15,10.9,12.6,9.1,8.8,9,10.4,5.8,0.343,0.488,0.302,4350,1000,45.5,47.6
"555","5350377.03","CT","0377.03",0.6501,2682,862,841,"35535","","3520005","3520",10.4,14,14,9.2,11.6,8.2,6.8,6,9.6,5.2,0.307,0.456,0.268,2685,600,45.2,48
"556","5350377.04","CT","0377.04",0.8833,5466,1716,1655,"35535","","3520005","3520",11,15.4,21,9.5,12.6,8.8,9.6,9,10.2,3.6,0.279,0.455,0.25,5470,1130,44.3,46
"557","5350377.06","CT","0377.06",0.5117,3408,985,957,"35535","","3520005","3520",13.8,14.4,13,13.4,14.2,14.4,14,14,17.1,6.2,0.31,0.5,0.278,3410,685,43.6,44.4
"558","5350377.07","CT","0377.07",0.7646,4556,1313,1273,"35535","","3520005","3520",13.2,18,19,12.4,11.4,10.1,10.4,8,11.8,4.4,0.293,0.48,0.262,4555,1150,46.4,47.6
"559","5350377.08","CT","0377.08",1.2682,4912,1737,1670,"35535","","3520005","3520",13.1,12.6,14,12.6,15,9.4,5.4,4.5,11.3,6.8,0.322,0.473,0.287,4915,1090,45.1,47.6
"560","5350377.09","CT","0377.09",0.7807,5506,2998,2735,"35535","","3520005","3520",17.3,16.8,18.5,16.3,26,12.2,9.6,7.2,13.1,8.4,0.319,0.446,0.288,5505,505,36.7,33.6
"561","5350378.02","CT","0378.02",1.0584,2970,943,900,"35535","","3520005","3520",10.8,15.2,14,9.7,10.4,8.9,8.4,5,10.6,3.8,0.29,0.453,0.259,2975,585,41.9,40
"562","5350378.03","CT","0378.03",2.198,7948,2886,2684,"35535","","3520005","3520",9.6,11.2,12.8,7.6,16.8,6.1,5.2,5.6,6.3,6.2,0.262,0.392,0.236,7945,1205,40.2,38
"563","5350378.04","CT","0378.04",1.2793,5958,1805,1736,"35535","","3520005","3520",10.8,13.4,16,9.2,13.6,7.1,7.4,8.5,7.8,3.8,0.261,0.413,0.237,5955,900,38.6,36.4
"564","5350378.05","CT","0378.05",0.7276,3905,1246,1194,"35535","","3520005","3520",8.4,10.8,13,6.9,11.2,4.4,4,6,5.1,2.4,0.254,0.402,0.231,3905,670,40.5,39.6
"565","5350378.06","CT","0378.06",1.7819,5763,1733,1643,"35535","","3520005","3520",8.5,12,13,7.1,10,5.2,4,5,5.8,3.6,0.237,0.387,0.216,5765,850,39.8,38.8
"566","5350378.07","CT","0378.07",2.8047,6694,2292,2204,"35535","","3520005","3520",11.4,12.4,16,9.2,17.6,6.9,6.6,7.6,7.5,5.4,0.279,0.434,0.252,6690,1530,45,46.4
"567","5350378.08","CT","0378.08",0.8857,6275,2167,2046,"35535","","3520005","3520",11.6,13.4,14.4,9.2,16.8,6.9,8.2,9.5,7.6,4.2,0.293,0.463,0.259,6275,1390,43.9,44.4
"568","5350378.11","CT","0378.11",0.9593,5633,1801,1734,"35535","","3520005","3520",10.4,13,17,8.4,15.4,7.2,6,10,8.1,4,0.25,0.392,0.228,5635,810,39,37.6
"569","5350378.12","CT","0378.12",0.7839,5300,1991,1880,"35535","","3520005","3520",16.3,18.2,17.5,11.2,30.8,7.8,8.8,7.2,7.7,7.6,0.268,0.457,0.243,5300,1010,40.7,38.8
"570","5350378.14","CT","0378.14",0.9291,3707,1183,1141,"35535","","3520005","3520",12.2,15.6,17,10.1,15.6,9.2,8.4,7,11,4,0.287,0.466,0.257,3705,670,41.3,40.8
"571","5350378.16","CT","0378.16",0.6381,5695,2005,1883,"35535","","3520005","3520",11.6,13.4,13.6,8.4,19.6,6,5.6,4,6.3,5.4,0.263,0.426,0.24,5695,1175,43,43.2
"572","5350378.17","CT","0378.17",0.474,3265,963,922,"35535","","3520005","3520",11,19.2,19,9.1,7.6,4.8,4.4,4,5.5,2,0.258,0.421,0.232,3265,470,38.9,37.2
"573","5350378.18","CT","0378.18",0.0909,2587,1112,1081,"35535","","3520005","3520",26.4,24.8,22,18.8,43.6,11.4,9.2,10,10.6,14.8,0.296,0.516,0.266,2585,690,46.4,48.8
"574","5350378.19","CT","0378.19",4.5022,4808,1433,1389,"35535","","3520005","3520",10.5,18,24,9.1,8.8,6.8,8,10,7.8,2.6,0.275,0.436,0.247,4810,975,43.1,43.6
"575","5350378.20","CT","0378.20",0.1095,1918,772,760,"35535","","3520005","3520",22,27,28,15.7,31.2,9.3,9,10,10.8,6.8,0.277,0.502,0.25,1920,605,49.7,53.2
"576","5350378.21","CT","0378.21",0.7018,3612,1062,1036,"35535","","3520005","3520",10,12.4,16,8.1,13.8,7.8,8,9,8,7,0.28,0.454,0.255,3615,740,43,44
"577","5350378.22","CT","0378.22",0.5321,3114,890,867,"35535","","3520005","3520",11.9,18.4,18,10.6,11,9.2,8.4,9,11.4,4,0.299,0.485,0.268,3115,735,45,46.4
"578","5350378.23","CT","0378.23",1.5314,3840,1325,1283,"35535","","3520005","3520",9.4,7.6,6,7.5,14.6,7.1,5.2,NA,8.2,5.2,0.288,0.434,0.258,3840,1030,47.9,51.2
"579","5350378.24","CT","0378.24",2.5129,5820,2199,2126,"35535","","3520005","3520",17.5,15.8,13,11,31.1,8.9,7.6,5,9,9.2,0.303,0.482,0.272,5820,1845,49.9,52.4
"580","5350378.25","CT","0378.25",4.726,7612,1901,1862,"35535","","3520005","3520",5.6,7.7,9.6,4.4,7.8,3.5,3.4,4,3.8,2.2,0.245,0.376,0.219,7615,985,38.5,37.2
"581","5350378.26","CT","0378.26",1.6267,4867,1234,1213,"35535","","3520005","3520",4.9,9.6,10,3.4,6.2,3.7,4.6,3,3.6,3.2,0.242,0.366,0.217,4865,670,39.5,38.8
"582","5350378.27","CT","0378.27",19.9096,5547,1565,1526,"35535","","3520005","3520",5,7.4,12,4.2,5.2,3.2,2,4.5,3.9,1.6,0.241,0.367,0.217,5550,660,38.3,37.2
"583","5350378.28","CT","0378.28",2.2278,6946,2017,1931,"35535","","3520005","3520",7.2,10.6,16,6.7,6,4.9,6,9.5,5.6,1.4,0.262,0.395,0.236,6950,1335,41.6,41.2
"584","5350802.01","CT","0802.01",2.1742,4011,1328,1303,"35535","","3520005","3520",5,8,7,4,5.6,3.2,3.6,3,2.9,3.4,0.277,0.364,0.242,4015,800,42.9,43.2
"585","5350802.02","CT","0802.02",2.257,5373,1830,1799,"35535","","3520005","3520",4,4.8,3,3.4,5,2.6,2.4,NA,2.8,2.4,0.309,0.378,0.268,5375,1120,43.4,45.2
